layer,L1,L2,L3,slope1,slope2,1280 acc,102400 acc,200000 test acc,neurons,avg. iteration time
2 conv + 1 fully,2,2,2,0,0,0.14062,0.08594,0.136719,6,0.004445128
2 conv + 1 fully,2,2,4,0,1,0.07031,0.13281,0.0546875,8,0.002423718
2 conv + 1 fully,2,2,8,0,2,0.09375,0.07812,0.0859375,12,0.002505064
2 conv + 1 fully,2,2,16,0,3,0.10938,0.11719,0.109375,20,0.002588846
2 conv + 1 fully,2,2,32,0,4,0.20312,0.17188,0.0898438,36,0.002656795
2 conv + 1 fully,2,2,64,0,5,0.11719,0.17188,0.109375,68,0.004470128
2 conv + 1 fully,2,2,128,0,6,0.13281,0.32812,0.289062,132,0.002598718
2 conv + 1 fully,2,2,256,0,7,0.11719,0.21875,0.207031,260,0.004427949
2 conv + 1 fully,2,2,512,0,8,0.10938,0.17969,0.0742188,516,0.002646859
2 conv + 1 fully,2,2,1024,0,9,0.07812,0.875,0.847656,1028,0.004857051
2 conv + 1 fully,2,4,2,1,-1,0.04688,0.10156,0.121094,8,0.004562372
2 conv + 1 fully,2,4,4,1,0,0.15625,0.16406,0.0898438,10,0.00256891
2 conv + 1 fully,2,4,8,1,1,0.08594,0.17969,0.0546875,14,0.00259109
2 conv + 1 fully,2,4,16,1,2,0.08594,0.17188,0.0859375,22,0.002657628
2 conv + 1 fully,2,4,32,1,3,0.08594,0.10938,0.136719,38,0.0026675
2 conv + 1 fully,2,4,64,1,4,0.10938,0.52344,0.355469,70,0.004659551
2 conv + 1 fully,2,4,128,1,5,0.03906,0.60156,0.503906,134,0.002845064
2 conv + 1 fully,2,4,256,1,6,0.10938,0.80469,0.804688,262,0.004565833
2 conv + 1 fully,2,4,512,1,7,0.0625,0.84375,0.902344,518,0.002885
2 conv + 1 fully,2,4,1024,1,8,0.08594,0.78906,0.863281,1030,0.004907436
2 conv + 1 fully,2,8,2,2,-2,0.09375,0.10156,0.109375,12,0.004541154
2 conv + 1 fully,2,8,4,2,-1,0.10156,0.11719,0.121094,14,0.002720321
2 conv + 1 fully,2,8,8,2,0,0.08594,0.09375,0.09375,18,0.002726538
2 conv + 1 fully,2,8,16,2,1,0.07812,0.0625,0.0742188,26,0.002773269
2 conv + 1 fully,2,8,32,2,2,0.07812,0.07031,0.136719,42,0.002829231
2 conv + 1 fully,2,8,64,2,3,0.10938,0.125,0.0742188,74,0.004879551
2 conv + 1 fully,2,8,128,2,4,0.13281,0.45312,0.207031,138,0.002809103
2 conv + 1 fully,2,8,256,2,5,0.03125,0.85156,0.917969,266,0.004717628
2 conv + 1 fully,2,8,512,2,6,0.11719,0.8125,0.902344,522,0.002960513
2 conv + 1 fully,2,8,1024,2,7,0.13281,0.92188,0.964844,1034,0.005306218
2 conv + 1 fully,2,16,2,3,-3,0.07812,0.0625,0.121094,20,0.004812179
2 conv + 1 fully,2,16,4,3,-2,0.10938,0.08594,0.132812,22,0.003003846
2 conv + 1 fully,2,16,8,3,-1,0.0625,0.08594,0.09375,26,0.002995385
2 conv + 1 fully,2,16,16,3,0,0.03906,0.14062,0.136719,34,0.003085513
2 conv + 1 fully,2,16,32,3,1,0.125,0.09375,0.132812,50,0.003003846
2 conv + 1 fully,2,16,64,3,2,0.07812,0.21094,0.132812,82,0.004955192
2 conv + 1 fully,2,16,128,3,3,0.02344,0.35156,0.160156,146,0.003206795
2 conv + 1 fully,2,16,256,3,4,0.10938,0.89844,0.921875,274,0.005141026
2 conv + 1 fully,2,16,512,3,5,0.10938,0.90625,0.941406,530,0.003489423
2 conv + 1 fully,2,16,1024,3,6,0.15625,0.92188,0.949219,1042,0.005753654
2 conv + 1 fully,2,32,2,4,-4,0.04688,0.10938,0.0742188,36,0.005659679
2 conv + 1 fully,2,32,4,4,-3,0.10938,0.14844,0.0859375,38,0.003644038
2 conv + 1 fully,2,32,8,4,-2,0.07031,0.10938,0.121094,42,0.003670897
2 conv + 1 fully,2,32,16,4,-1,0.21875,0.10938,0.136719,50,0.003677756
2 conv + 1 fully,2,32,32,4,0,0.14062,0.09375,0.0585938,66,0.003713462
2 conv + 1 fully,2,32,64,4,1,0.10156,0.24219,0.25,98,0.005609615
2 conv + 1 fully,2,32,128,4,2,0.0625,0.625,0.316406,162,0.003833013
2 conv + 1 fully,2,32,256,4,3,0.07812,0.85156,0.273438,290,0.005843269
2 conv + 1 fully,2,32,512,4,4,0.13281,0.9375,0.941406,546,0.004155641
2 conv + 1 fully,2,32,1024,4,5,0.16406,0.92188,0.953125,1058,0.006412692
2 conv + 1 fully,2,64,2,5,-5,0.04688,0.10938,0.101562,68,0.006552115
2 conv + 1 fully,2,64,4,5,-4,0.07812,0.10156,0.101562,70,0.004715128
2 conv + 1 fully,2,64,8,5,-3,0.20312,0.0625,0.136719,74,0.004735833
2 conv + 1 fully,2,64,16,5,-2,0.13281,0.05469,0.121094,82,0.004757692
2 conv + 1 fully,2,64,32,5,-1,0.10156,0.09375,0.121094,98,0.00481
2 conv + 1 fully,2,64,64,5,0,0.03906,0.07812,0.191406,130,0.006666603
2 conv + 1 fully,2,64,128,5,1,0.13281,0.50781,0.261719,194,0.004962436
2 conv + 1 fully,2,64,256,5,2,0.125,0.85938,0.574219,322,0.006924295
2 conv + 1 fully,2,64,512,5,3,0.14062,0.89062,0.894531,578,0.005455449
2 conv + 1 fully,2,64,1024,5,4,0.13281,0.94531,0.976562,1090,0.007880962
2 conv + 1 fully,2,128,2,6,-6,0.10938,0.09375,0.136719,132,0.007872692
2 conv + 1 fully,2,128,4,6,-5,0.125,0.07031,0.0742188,134,0.005974231
2 conv + 1 fully,2,128,8,6,-4,0.08594,0.11719,0.132812,138,0.005966987
2 conv + 1 fully,2,128,16,6,-3,0.14844,0.11719,0.101562,146,0.006016795
2 conv + 1 fully,2,128,32,6,-2,0.15625,0.11719,0.132812,162,0.006141474
2 conv + 1 fully,2,128,64,6,-1,0.1875,0.10156,0.167969,194,0.008127564
2 conv + 1 fully,2,128,128,6,0,0.17969,0.04688,0.101562,258,0.006463526
2 conv + 1 fully,2,128,256,6,1,0.19531,0.51562,0.285156,386,0.008813013
2 conv + 1 fully,2,128,512,6,2,0.32031,0.90625,0.910156,642,0.00774609
2 conv + 1 fully,2,128,1024,6,3,0.375,0.91406,0.933594,1154,0.011007628
2 conv + 1 fully,2,256,2,7,-7,0.10156,0.10938,0.0742188,260,0.010560064
2 conv + 1 fully,2,256,4,7,-6,0.11719,0.10938,0.0742188,262,0.008723013
2 conv + 1 fully,2,256,8,7,-5,0.13281,0.14062,0.121094,266,0.008721218
2 conv + 1 fully,2,256,16,7,-4,0.15625,0.13281,0.0859375,274,0.008906603
2 conv + 1 fully,2,256,32,7,-3,0.125,0.14844,0.121094,290,0.008958846
2 conv + 1 fully,2,256,64,7,-2,0.17188,0.15625,0.0703125,322,0.010986538
2 conv + 1 fully,2,256,128,7,-1,0.27344,0.17969,0.203125,386,0.009616923
2 conv + 1 fully,2,256,256,7,0,0.15625,0.33594,0.261719,514,0.012323846
2 conv + 1 fully,2,256,512,7,1,0.14062,0.07031,0.101562,770,0.011862821
2 conv + 1 fully,2,256,1024,7,2,0.53906,0.94531,0.929688,1282,0.016837821
2 conv + 1 fully,2,512,2,8,-8,0.04688,0.10938,0.0742188,516,0.015845513
2 conv + 1 fully,2,512,4,8,-7,0.07031,0.07031,0.132812,518,0.014097436
2 conv + 1 fully,2,512,8,8,-6,0.11719,0.11719,0.136719,522,0.014248077
2 conv + 1 fully,2,512,16,8,-5,0.17969,0.10938,0.09375,530,0.014297436
2 conv + 1 fully,2,512,32,8,-4,0.08594,0.13281,0.0546875,546,0.014435256
2 conv + 1 fully,2,512,64,8,-3,0.1875,0.14062,0.136719,578,0.016625641
2 conv + 1 fully,2,512,128,8,-2,0.15625,0.14844,0.144531,642,0.015492949
2 conv + 1 fully,2,512,256,8,-1,0.39844,0.35156,0.261719,770,0.018941026
2 conv + 1 fully,2,512,512,8,0,0.42969,0.90625,0.53125,1026,0.020115385
2 conv + 1 fully,2,512,1024,8,1,0.69531,0.92188,0.96875,1538,0.027851282
2 conv + 1 fully,2,1024,2,9,-9,0.10156,0.08594,0.09375,1028,0.026549359
2 conv + 1 fully,2,1024,4,9,-8,0.10156,0.07812,0.136719,1030,0.025042949
2 conv + 1 fully,2,1024,8,9,-7,0.13281,0.11719,0.0546875,1034,0.025075
2 conv + 1 fully,2,1024,16,9,-6,0.16406,0.0625,0.132812,1042,0.025237821
2 conv + 1 fully,2,1024,32,9,-5,0.20312,0.11719,0.117188,1058,0.025333974
2 conv + 1 fully,2,1024,64,9,-4,0.27344,0.11719,0.136719,1090,0.027719231
2 conv + 1 fully,2,1024,128,9,-3,0.40625,0.13281,0.171875,1154,0.027016026
2 conv + 1 fully,2,1024,256,9,-2,0.40625,0.08594,0.164062,1282,0.032276282
2 conv + 1 fully,2,1024,512,9,-1,0.36719,0.34375,0.25,1538,0.036483333
2 conv + 1 fully,2,1024,1024,9,0,0.60156,0.89844,0.933594,2050,0.051137821
2 conv + 1 fully,4,2,2,-1,0,0.09375,0.07031,0.132812,8,0.005684038
2 conv + 1 fully,4,2,4,-1,1,0.09375,0.08594,0.0742188,10,0.003900449
2 conv + 1 fully,4,2,8,-1,2,0.09375,0.14062,0.128906,14,0.003933397
2 conv + 1 fully,4,2,16,-1,3,0.07812,0.14844,0.121094,22,0.003955256
2 conv + 1 fully,4,2,32,-1,4,0.05469,0.16406,0.144531,38,0.003983718
2 conv + 1 fully,4,2,64,-1,5,0.125,0.11719,0.125,70,0.005812756
2 conv + 1 fully,4,2,128,-1,6,0.0625,0.10156,0.0898438,134,0.004017244
2 conv + 1 fully,4,2,256,-1,7,0.05469,0.27344,0.222656,262,0.005907885
2 conv + 1 fully,4,2,512,-1,8,0.125,0.25,0.121094,518,0.004169167
2 conv + 1 fully,4,2,1024,-1,9,0.07031,0.88281,0.925781,1030,0.006429038
2 conv + 1 fully,4,4,2,0,-1,0.10156,0.07031,0.0546875,10,0.005956731
2 conv + 1 fully,4,4,4,0,0,0.21875,0.07812,0.125,12,0.004094936
2 conv + 1 fully,4,4,8,0,1,0.15625,0.09375,0.109375,16,0.00413359
2 conv + 1 fully,4,4,16,0,2,0.10156,0.0625,0.125,24,0.004227885
2 conv + 1 fully,4,4,32,0,3,0.03125,0.14062,0.0898438,40,0.004241795
2 conv + 1 fully,4,4,64,0,4,0.08594,0.29688,0.3125,72,0.006148141
2 conv + 1 fully,4,4,128,0,5,0.125,0.36719,0.148438,136,0.004295321
2 conv + 1 fully,4,4,256,0,6,0.16406,0.76562,0.867188,264,0.006338397
2 conv + 1 fully,4,4,512,0,7,0.14844,0.875,0.890625,520,0.004492051
2 conv + 1 fully,4,4,1024,0,8,0.14062,0.82812,0.898438,1032,0.006681474
2 conv + 1 fully,4,8,2,1,-2,0.10156,0.09375,0.0859375,14,0.006254359
2 conv + 1 fully,4,8,4,1,-1,0.09375,0.10938,0.0898438,16,0.004479038
2 conv + 1 fully,4,8,8,1,0,0.03125,0.08594,0.121094,20,0.004508974
2 conv + 1 fully,4,8,16,1,1,0.14062,0.10156,0.0546875,28,0.00453359
2 conv + 1 fully,4,8,32,1,2,0.15625,0.17188,0.152344,44,0.004598462
2 conv + 1 fully,4,8,64,1,3,0.03906,0.1875,0.148438,76,0.006775833
2 conv + 1 fully,4,8,128,1,4,0.11719,0.16406,0.109375,140,0.004670064
2 conv + 1 fully,4,8,256,1,5,0.17188,0.89062,0.84375,268,0.00665109
2 conv + 1 fully,4,8,512,1,6,0.15625,0.88281,0.960938,524,0.004876538
2 conv + 1 fully,4,8,1024,1,7,0.1875,0.89844,0.949219,1036,0.007011026
2 conv + 1 fully,4,16,2,2,-3,0.10156,0.10156,0.09375,22,0.006741154
2 conv + 1 fully,4,16,4,2,-2,0.05469,0.05469,0.136719,24,0.004896667
2 conv + 1 fully,4,16,8,2,-1,0.0625,0.09375,0.09375,28,0.004951282
2 conv + 1 fully,4,16,16,2,0,0.15625,0.11719,0.0546875,36,0.005002564
2 conv + 1 fully,4,16,32,2,1,0.07812,0.07031,0.0859375,52,0.005040962
2 conv + 1 fully,4,16,64,2,2,0.07812,0.10938,0.0820312,84,0.00757359
2 conv + 1 fully,4,16,128,2,3,0.0625,0.41406,0.21875,148,0.005151795
2 conv + 1 fully,4,16,256,2,4,0.14062,0.77344,0.160156,276,0.007112885
2 conv + 1 fully,4,16,512,2,5,0.08594,0.92188,0.96875,532,0.005362885
2 conv + 1 fully,4,16,1024,2,6,0.26562,0.94531,0.964844,1044,0.007712115
2 conv + 1 fully,4,32,2,3,-4,0.10156,0.0625,0.121094,38,0.007526731
2 conv + 1 fully,4,32,4,3,-3,0.10156,0.08594,0.09375,40,0.005751282
2 conv + 1 fully,4,32,8,3,-2,0.10938,0.10938,0.140625,44,0.00572641
2 conv + 1 fully,4,32,16,3,-1,0.11719,0.04688,0.09375,52,0.005719295
2 conv + 1 fully,4,32,32,3,0,0.11719,0.11719,0.140625,68,0.005749103
2 conv + 1 fully,4,32,64,3,1,0.05469,0.14062,0.117188,100,0.007802885
2 conv + 1 fully,4,32,128,3,2,0.08594,0.22656,0.128906,164,0.005978782
2 conv + 1 fully,4,32,256,3,3,0.11719,0.84375,0.175781,292,0.007894551
2 conv + 1 fully,4,32,512,3,4,0.15625,0.875,0.894531,548,0.006175064
2 conv + 1 fully,4,32,1024,3,5,0.19531,0.9375,0.96875,1060,0.008624551
2 conv + 1 fully,4,64,2,4,-5,0.125,0.08594,0.121094,70,0.008853846
2 conv + 1 fully,4,64,4,4,-4,0.11719,0.11719,0.109375,72,0.006973782
2 conv + 1 fully,4,64,8,4,-3,0.10938,0.14062,0.121094,76,0.007054808
2 conv + 1 fully,4,64,16,4,-2,0.14062,0.07812,0.121094,84,0.007104103
2 conv + 1 fully,4,64,32,4,-1,0.16406,0.11719,0.132812,100,0.007163718
2 conv + 1 fully,4,64,64,4,0,0.25781,0.13281,0.140625,132,0.009074295
2 conv + 1 fully,4,64,128,4,1,0.19531,0.17969,0.25,196,0.007257756
2 conv + 1 fully,4,64,256,4,2,0.21875,0.83594,0.257812,324,0.009255513
2 conv + 1 fully,4,64,512,4,3,0.13281,0.89062,0.910156,580,0.007707372
2 conv + 1 fully,4,64,1024,4,4,0.27344,0.91406,0.960938,1092,0.010361474
2 conv + 1 fully,4,128,2,5,-6,0.07031,0.07812,0.0742188,134,0.012434295
2 conv + 1 fully,4,128,4,5,-5,0.07031,0.125,0.136719,136,0.008308974
2 conv + 1 fully,4,128,8,5,-4,0.10938,0.04688,0.132812,140,0.008384808
2 conv + 1 fully,4,128,16,5,-3,0.0625,0.09375,0.078125,148,0.008341603
2 conv + 1 fully,4,128,32,5,-2,0.09375,0.125,0.113281,164,0.008523974
2 conv + 1 fully,4,128,64,5,-1,0.17188,0.14062,0.0546875,196,0.017105385
2 conv + 1 fully,4,128,128,5,0,0.27344,0.38281,0.273438,260,0.008849231
2 conv + 1 fully,4,128,256,5,1,0.20312,0.90625,0.5,388,0.01793109
2 conv + 1 fully,4,128,512,5,2,0.1875,0.85156,0.621094,644,0.010228526
2 conv + 1 fully,4,128,1024,5,3,0.32812,0.98438,0.972656,1156,0.020402308
2 conv + 1 fully,4,256,2,6,-7,0.13281,0.10156,0.0742188,262,0.013290833
2 conv + 1 fully,4,256,4,6,-6,0.09375,0.15625,0.109375,264,0.01140641
2 conv + 1 fully,4,256,8,6,-5,0.07812,0.11719,0.09375,268,0.011450577
2 conv + 1 fully,4,256,16,6,-4,0.03125,0.09375,0.0859375,276,0.011634038
2 conv + 1 fully,4,256,32,6,-3,0.10938,0.09375,0.132812,292,0.011847628
2 conv + 1 fully,4,256,64,6,-2,0.16406,0.17188,0.113281,324,0.014097756
2 conv + 1 fully,4,256,128,6,-1,0.21094,0.14844,0.101562,388,0.012428013
2 conv + 1 fully,4,256,256,6,0,0.22656,0.75781,0.449219,516,0.015485577
2 conv + 1 fully,4,256,512,6,1,0.30469,0.76562,0.277344,772,0.014770513
2 conv + 1 fully,4,256,1024,6,2,0.48438,0.92969,0.972656,1284,0.020039744
2 conv + 1 fully,4,512,2,7,-8,0.10156,0.10156,0.121094,518,0.019405769
2 conv + 1 fully,4,512,4,7,-7,0.13281,0.10938,0.136719,520,0.017328205
2 conv + 1 fully,4,512,8,7,-6,0.08594,0.125,0.136719,524,0.017601282
2 conv + 1 fully,4,512,16,7,-5,0.125,0.08594,0.09375,532,0.017697436
2 conv + 1 fully,4,512,32,7,-4,0.0625,0.07812,0.136719,548,0.017699359
2 conv + 1 fully,4,512,64,7,-3,0.22656,0.10156,0.113281,580,0.020794872
2 conv + 1 fully,4,512,128,7,-2,0.28906,0.14844,0.125,644,0.018867308
2 conv + 1 fully,4,512,256,7,-1,0.1875,0.25,0.144531,772,0.042376923
2 conv + 1 fully,4,512,512,7,0,0.46094,0.92188,0.492188,1028,0.023557692
2 conv + 1 fully,4,512,1024,7,1,0.64062,0.98438,0.964844,1540,0.07965
2 conv + 1 fully,4,1024,2,8,-9,0.07812,0.14844,0.0898438,1030,0.104744231
2 conv + 1 fully,4,1024,4,8,-8,0.07812,0.13281,0.0742188,1032,0.028364103
2 conv + 1 fully,4,1024,8,8,-7,0.16406,0.07031,0.0742188,1036,0.028380769
2 conv + 1 fully,4,1024,16,8,-6,0.17969,0.10938,0.113281,1044,0.028605128
2 conv + 1 fully,4,1024,32,8,-5,0.17188,0.08594,0.136719,1060,0.028685256
2 conv + 1 fully,4,1024,64,8,-4,0.28125,0.07812,0.078125,1092,0.112396795
2 conv + 1 fully,4,1024,128,8,-3,0.41406,0.17188,0.179688,1156,0.030295513
2 conv + 1 fully,4,1024,256,8,-2,0.53906,0.36719,0.25,1284,0.085132692
2 conv + 1 fully,4,1024,512,8,-1,0.5,0.52344,0.257812,1540,0.039783333
2 conv + 1 fully,4,1024,1024,8,0,0.47656,0.89062,0.367188,2052,0.088787821
2 conv + 1 fully,8,2,2,-2,0,0.14062,0.10938,0.0546875,12,0.054027564
2 conv + 1 fully,8,2,4,-2,1,0.07812,0.08594,0.0546875,14,0.007131987
2 conv + 1 fully,8,2,8,-2,2,0.07812,0.08594,0.0546875,18,0.007157564
2 conv + 1 fully,8,2,16,-2,3,0.10156,0.08594,0.113281,26,0.007246026
2 conv + 1 fully,8,2,32,-2,4,0.10938,0.10156,0.132812,42,0.007289615
2 conv + 1 fully,8,2,64,-2,5,0.13281,0.1875,0.164062,74,0.047492949
2 conv + 1 fully,8,2,128,-2,6,0.07031,0.125,0.136719,138,0.007287564
2 conv + 1 fully,8,2,256,-2,7,0.0625,0.15625,0.0898438,266,0.048436538
2 conv + 1 fully,8,2,512,-2,8,0.09375,0.13281,0.101562,522,0.007425833
2 conv + 1 fully,8,2,1024,-2,9,0.16406,0.4375,0.234375,1034,0.052144808
2 conv + 1 fully,8,4,2,-1,-1,0.10156,0.07031,0.0859375,14,0.085108462
2 conv + 1 fully,8,4,4,-1,0,0.10156,0.08594,0.121094,16,0.007515962
2 conv + 1 fully,8,4,8,-1,1,0.07031,0.08594,0.136719,20,0.007590833
2 conv + 1 fully,8,4,16,-1,2,0.10938,0.09375,0.136719,28,0.007695064
2 conv + 1 fully,8,4,32,-1,3,0.15625,0.10156,0.0546875,44,0.007661795
2 conv + 1 fully,8,4,64,-1,4,0.11719,0.26562,0.121094,76,0.136019167
2 conv + 1 fully,8,4,128,-1,5,0.10156,0.52344,0.558594,140,0.007828205
2 conv + 1 fully,8,4,256,-1,6,0.09375,0.83594,0.890625,268,0.130263269
2 conv + 1 fully,8,4,512,-1,7,0.07031,0.84375,0.917969,524,0.007976667
2 conv + 1 fully,8,4,1024,-1,8,0.19531,0.84375,0.609375,1036,0.133217885
2 conv + 1 fully,8,8,2,0,-2,0.08594,0.09375,0.0898438,18,0.053602179
2 conv + 1 fully,8,8,4,0,-1,0.11719,0.10938,0.0859375,20,0.008092115
2 conv + 1 fully,8,8,8,0,0,0.10156,0.07812,0.132812,24,0.008180192
2 conv + 1 fully,8,8,16,0,1,0.07031,0.09375,0.0898438,32,0.008221987
2 conv + 1 fully,8,8,32,0,2,0.07031,0.10156,0.113281,48,0.008234487
2 conv + 1 fully,8,8,64,0,3,0.10156,0.125,0.140625,80,0.126931218
2 conv + 1 fully,8,8,128,0,4,0.09375,0.79688,0.714844,144,0.008389167
2 conv + 1 fully,8,8,256,0,5,0.21094,0.9375,0.902344,272,0.125226282
2 conv + 1 fully,8,8,512,0,6,0.10156,0.89844,0.945312,528,0.008715897
2 conv + 1 fully,8,8,1024,0,7,0.08594,0.91406,0.941406,1040,0.123634872
2 conv + 1 fully,8,16,2,1,-3,0.07812,0.09375,0.0898438,26,0.099794936
2 conv + 1 fully,8,16,4,1,-2,0.10156,0.11719,0.0859375,28,0.008798462
2 conv + 1 fully,8,16,8,1,-1,0.14062,0.10938,0.0898438,32,0.00875
2 conv + 1 fully,8,16,16,1,0,0.09375,0.08594,0.09375,40,0.0089375
2 conv + 1 fully,8,16,32,1,1,0.03906,0.07812,0.113281,56,0.008881987
2 conv + 1 fully,8,16,64,1,2,0.11719,0.20312,0.136719,88,0.103083974
2 conv + 1 fully,8,16,128,1,3,0.14062,0.15625,0.0898438,152,0.009156603
2 conv + 1 fully,8,16,256,1,4,0.13281,0.85156,0.46875,280,0.115658654
2 conv + 1 fully,8,16,512,1,5,0.19531,0.92188,0.960938,536,0.009326346
2 conv + 1 fully,8,16,1024,1,6,0.16406,0.96875,0.960938,1048,0.117410449
2 conv + 1 fully,8,32,2,2,-4,0.14844,0.14062,0.125,42,0.102051538
2 conv + 1 fully,8,32,4,2,-3,0.13281,0.0625,0.0859375,44,0.009799615
2 conv + 1 fully,8,32,8,2,-2,0.07031,0.07031,0.09375,48,0.009758846
2 conv + 1 fully,8,32,16,2,-1,0.13281,0.125,0.113281,56,0.009940897
2 conv + 1 fully,8,32,32,2,0,0.08594,0.17969,0.144531,72,0.010195833
2 conv + 1 fully,8,32,64,2,1,0.10938,0.15625,0.136719,104,0.114713141
2 conv + 1 fully,8,32,128,2,2,0.10156,0.13281,0.160156,168,0.010211859
2 conv + 1 fully,8,32,256,2,3,0.07812,0.86719,0.894531,296,0.110261538
2 conv + 1 fully,8,32,512,2,4,0.20312,0.94531,0.976562,552,0.010682244
2 conv + 1 fully,8,32,1024,2,5,0.10938,0.92969,0.960938,1064,0.107812051
2 conv + 1 fully,8,64,2,3,-5,0.125,0.0625,0.132812,74,0.10119359
2 conv + 1 fully,8,64,4,3,-4,0.11719,0.09375,0.0898438,76,0.011521282
2 conv + 1 fully,8,64,8,3,-3,0.0625,0.07031,0.136719,80,0.011687756
2 conv + 1 fully,8,64,16,3,-2,0.125,0.09375,0.136719,88,0.011671859
2 conv + 1 fully,8,64,32,3,-1,0.125,0.10938,0.09375,104,0.011686859
2 conv + 1 fully,8,64,64,3,0,0.09375,0.08594,0.140625,136,0.04252609
2 conv + 1 fully,8,64,128,3,1,0.13281,0.21094,0.167969,200,0.01197891
2 conv + 1 fully,8,64,256,3,2,0.32031,0.64844,0.199219,328,0.035600321
2 conv + 1 fully,8,64,512,3,3,0.14062,0.95312,0.972656,584,0.012407949
2 conv + 1 fully,8,64,1024,3,4,0.28125,0.96875,0.984375,1096,0.099241154
2 conv + 1 fully,8,128,2,4,-6,0.14062,0.125,0.136719,138,0.036793718
2 conv + 1 fully,8,128,4,4,-5,0.10156,0.14844,0.0898438,140,0.013077179
2 conv + 1 fully,8,128,8,4,-4,0.08594,0.05469,0.0898438,144,0.013276154
2 conv + 1 fully,8,128,16,4,-3,0.07812,0.09375,0.136719,152,0.0132975
2 conv + 1 fully,8,128,32,4,-2,0.11719,0.15625,0.109375,168,0.013434487
2 conv + 1 fully,8,128,64,4,-1,0.14062,0.08594,0.140625,200,0.028410897
2 conv + 1 fully,8,128,128,4,0,0.125,0.10156,0.179688,264,0.013642564
2 conv + 1 fully,8,128,256,4,1,0.1875,0.4375,0.226562,392,0.089734295
2 conv + 1 fully,8,128,512,4,2,0.1875,0.96094,0.933594,648,0.016874295
2 conv + 1 fully,8,128,1024,4,3,0.36719,0.97656,0.960938,1160,0.065764295
2 conv + 1 fully,8,256,2,5,-7,0.13281,0.11719,0.136719,266,0.101088718
2 conv + 1 fully,8,256,4,5,-6,0.05469,0.10156,0.09375,268,0.01703391
2 conv + 1 fully,8,256,8,5,-5,0.08594,0.08594,0.136719,272,0.016948974
2 conv + 1 fully,8,256,16,5,-4,0.14844,0.14062,0.109375,280,0.017315192
2 conv + 1 fully,8,256,32,5,-3,0.17188,0.07031,0.09375,296,0.017235962
2 conv + 1 fully,8,256,64,5,-2,0.10156,0.07812,0.09375,328,0.07179109
2 conv + 1 fully,8,256,128,5,-1,0.36719,0.14062,0.101562,392,0.018753205
2 conv + 1 fully,8,256,256,5,0,0.15625,0.1875,0.238281,520,0.094069872
2 conv + 1 fully,8,256,512,5,1,0.30469,0.96875,0.792969,776,0.020822436
2 conv + 1 fully,8,256,1024,5,2,0.30469,0.97656,0.972656,1288,0.098667949
2 conv + 1 fully,8,512,2,6,-8,0.0625,0.08594,0.136719,522,0.066421795
2 conv + 1 fully,8,512,4,6,-7,0.10938,0.125,0.121094,524,0.024159615
2 conv + 1 fully,8,512,8,6,-6,0.05469,0.05469,0.09375,528,0.024230769
2 conv + 1 fully,8,512,16,6,-5,0.125,0.10156,0.0546875,536,0.024448718
2 conv + 1 fully,8,512,32,6,-4,0.14844,0.14062,0.125,552,0.024695513
2 conv + 1 fully,8,512,64,6,-3,0.14062,0.10156,0.078125,584,0.089558333
2 conv + 1 fully,8,512,128,6,-2,0.29688,0.21875,0.199219,648,0.025999359
2 conv + 1 fully,8,512,256,6,-1,0.36719,0.29688,0.164062,776,0.072341667
2 conv + 1 fully,8,512,512,6,0,0.44531,0.90625,0.894531,1032,0.030530769
2 conv + 1 fully,8,512,1024,6,1,0.57812,0.95312,0.945312,1544,0.029967949
2 conv + 1 fully,8,1024,2,7,-9,0.10938,0.125,0.101562,1034,0.031826282
2 conv + 1 fully,8,1024,4,7,-8,0.10156,0.16406,0.0859375,1036,0.032201282
2 conv + 1 fully,8,1024,8,7,-7,0.10156,0.11719,0.109375,1040,0.032282692
2 conv + 1 fully,8,1024,16,7,-6,0.10156,0.07031,0.109375,1048,0.03238141
2 conv + 1 fully,8,1024,32,7,-5,0.125,0.125,0.121094,1064,0.03254359
2 conv + 1 fully,8,1024,64,7,-4,0.23438,0.08594,0.136719,1096,0.032996154
2 conv + 1 fully,8,1024,128,7,-3,0.36719,0.14062,0.125,1160,0.034298718
2 conv + 1 fully,8,1024,256,7,-2,0.46094,0.16406,0.136719,1288,0.037567949
2 conv + 1 fully,8,1024,512,7,-1,0.5,0.39844,0.242188,1544,0.043896795
2 conv + 1 fully,8,1024,1024,7,0,0.46094,0.94531,0.9375,2056,0.052429487
2 conv + 1 fully,16,2,2,-3,0,0.13281,0.07812,0.0546875,20,0.005721218
2 conv + 1 fully,16,2,4,-3,1,0.08594,0.07812,0.121094,22,0.0038725
2 conv + 1 fully,16,2,8,-3,2,0.07031,0.09375,0.0546875,26,0.003864551
2 conv + 1 fully,16,2,16,-3,3,0.125,0.07031,0.0859375,34,0.003903462
2 conv + 1 fully,16,2,32,-3,4,0.10156,0.14062,0.078125,50,0.003898654
2 conv + 1 fully,16,2,64,-3,5,0.14844,0.125,0.0625,82,0.005760833
2 conv + 1 fully,16,2,128,-3,6,0.14844,0.20312,0.125,146,0.003919295
2 conv + 1 fully,16,2,256,-3,7,0.07031,0.14844,0.113281,274,0.005804487
2 conv + 1 fully,16,2,512,-3,8,0.125,0.11719,0.179688,530,0.003986603
2 conv + 1 fully,16,2,1024,-3,9,0.13281,0.16406,0.136719,1042,0.006090769
2 conv + 1 fully,16,4,2,-2,-1,0.125,0.09375,0.132812,22,0.003981346
2 conv + 1 fully,16,4,4,-2,0,0.08594,0.11719,0.136719,24,0.004041538
2 conv + 1 fully,16,4,8,-2,1,0.04688,0.11719,0.136719,28,0.005868013
2 conv + 1 fully,16,4,16,-2,2,0.05469,0.10156,0.0898438,36,0.004052885
2 conv + 1 fully,16,4,32,-2,3,0.14844,0.16406,0.125,52,0.005893013
2 conv + 1 fully,16,4,64,-2,4,0.08594,0.3125,0.175781,84,0.004107564
2 conv + 1 fully,16,4,128,-2,5,0.10938,0.14062,0.183594,148,0.005931987
2 conv + 1 fully,16,4,256,-2,6,0.10156,0.14844,0.0976562,276,0.004116026
2 conv + 1 fully,16,4,512,-2,7,0.10938,0.125,0.0898438,532,0.004207308
2 conv + 1 fully,16,4,1024,-2,8,0.10938,0.78125,0.429688,1044,0.004485064
2 conv + 1 fully,16,8,2,-1,-2,0.125,0.14062,0.0742188,26,0.004272244
2 conv + 1 fully,16,8,4,-1,-1,0.10938,0.0625,0.136719,28,0.006171346
2 conv + 1 fully,16,8,8,-1,0,0.07812,0.10156,0.101562,32,0.004297244
2 conv + 1 fully,16,8,16,-1,1,0.08594,0.07812,0.136719,40,0.006189551
2 conv + 1 fully,16,8,32,-1,2,0.08594,0.14844,0.140625,56,0.004362051
2 conv + 1 fully,16,8,64,-1,3,0.125,0.36719,0.0898438,88,0.004352051
2 conv + 1 fully,16,8,128,-1,4,0.17969,0.75,0.820312,152,0.004373718
2 conv + 1 fully,16,8,256,-1,5,0.09375,0.89844,0.910156,280,0.004492244
2 conv + 1 fully,16,8,512,-1,6,0.14062,0.83594,0.871094,536,0.006414487
2 conv + 1 fully,16,8,1024,-1,7,0.10156,0.9375,0.90625,1048,0.004852564
2 conv + 1 fully,16,16,2,0,-3,0.03906,0.11719,0.136719,34,0.006563526
2 conv + 1 fully,16,16,4,0,-2,0.08594,0.10156,0.132812,36,0.004692308
2 conv + 1 fully,16,16,8,0,-1,0.07031,0.125,0.121094,40,0.006611923
2 conv + 1 fully,16,16,16,0,0,0.10156,0.08594,0.144531,48,0.004743333
2 conv + 1 fully,16,16,32,0,1,0.10156,0.10938,0.121094,64,0.004761154
2 conv + 1 fully,16,16,64,0,2,0.10156,0.07812,0.128906,96,0.006667628
2 conv + 1 fully,16,16,128,0,3,0.14062,0.47656,0.128906,160,0.004894615
2 conv + 1 fully,16,16,256,0,4,0.11719,0.92188,0.921875,288,0.006766538
2 conv + 1 fully,16,16,512,0,5,0.14062,0.92969,0.964844,544,0.005028462
2 conv + 1 fully,16,16,1024,0,6,0.14844,0.9375,0.976562,1056,0.007287372
2 conv + 1 fully,16,32,2,1,-4,0.11719,0.0625,0.136719,50,0.037377821
2 conv + 1 fully,16,32,4,1,-3,0.05469,0.07812,0.136719,52,0.015660577
2 conv + 1 fully,16,32,8,1,-2,0.11719,0.08594,0.09375,56,0.014715
2 conv + 1 fully,16,32,16,1,-1,0.09375,0.13281,0.09375,64,0.014515128
2 conv + 1 fully,16,32,32,1,0,0.08594,0.125,0.128906,80,0.014972821
2 conv + 1 fully,16,32,64,1,1,0.05469,0.16406,0.152344,112,0.030144038
2 conv + 1 fully,16,32,128,1,2,0.14844,0.15625,0.09375,176,0.007324103
2 conv + 1 fully,16,32,256,1,3,0.17188,0.92969,0.523438,304,0.005571538
2 conv + 1 fully,16,32,512,1,4,0.1875,0.9375,0.941406,560,0.007642821
2 conv + 1 fully,16,32,1024,1,5,0.30469,0.96875,1,1072,0.006278462
2 conv + 1 fully,16,64,2,2,-5,0.16406,0.0625,0.128906,82,0.007056282
2 conv + 1 fully,16,64,4,2,-4,0.07031,0.05469,0.101562,84,0.008925192
2 conv + 1 fully,16,64,8,2,-3,0.10938,0.16406,0.136719,88,0.007113526
2 conv + 1 fully,16,64,16,2,-2,0.10938,0.08594,0.136719,96,0.008941282
2 conv + 1 fully,16,64,32,2,-1,0.09375,0.07031,0.121094,112,0.007201859
2 conv + 1 fully,16,64,64,2,0,0.16406,0.10938,0.09375,144,0.009060513
2 conv + 1 fully,16,64,128,2,1,0.19531,0.25781,0.132812,208,0.007241859
2 conv + 1 fully,16,64,256,2,2,0.17969,0.875,0.773438,336,0.007386474
2 conv + 1 fully,16,64,512,2,3,0.125,0.92188,0.921875,592,0.007718205
2 conv + 1 fully,16,64,1024,2,4,0.1875,0.96875,0.976562,1104,0.008320577
2 conv + 1 fully,16,128,2,3,-6,0.11719,0.0625,0.109375,146,0.039446538
2 conv + 1 fully,16,128,4,3,-5,0.0625,0.0625,0.109375,148,0.018011538
2 conv + 1 fully,16,128,8,3,-4,0.10156,0.10938,0.0742188,152,0.018135705
2 conv + 1 fully,16,128,16,3,-3,0.14062,0.07031,0.09375,160,0.020358654
2 conv + 1 fully,16,128,32,3,-2,0.19531,0.13281,0.0898438,176,0.019746923
2 conv + 1 fully,16,128,64,3,-1,0.125,0.14062,0.132812,208,0.071278846
2 conv + 1 fully,16,128,128,3,0,0.07031,0.23438,0.164062,272,0.020099231
2 conv + 1 fully,16,128,256,3,1,0.25781,0.39062,0.210938,400,0.079416218
2 conv + 1 fully,16,128,512,3,2,0.25781,0.95312,0.941406,656,0.022660256
2 conv + 1 fully,16,128,1024,3,3,0.39062,0.94531,0.988281,1168,0.070996795
2 conv + 1 fully,16,256,2,4,-7,0.14844,0.13281,0.132812,274,0.031958974
2 conv + 1 fully,16,256,4,4,-6,0.10938,0.03906,0.132812,276,0.015194231
2 conv + 1 fully,16,256,8,4,-5,0.21094,0.04688,0.136719,280,0.013534615
2 conv + 1 fully,16,256,16,4,-4,0.07031,0.05469,0.09375,288,0.013416667
2 conv + 1 fully,16,256,32,4,-3,0.09375,0.07812,0.101562,304,0.01531859
2 conv + 1 fully,16,256,64,4,-2,0.15625,0.11719,0.0585938,336,0.013677564
2 conv + 1 fully,16,256,128,4,-1,0.19531,0.14844,0.15625,400,0.015998718
2 conv + 1 fully,16,256,256,4,0,0.25,0.4375,0.207031,528,0.014980769
2 conv + 1 fully,16,256,512,4,1,0.26562,0.94531,0.863281,784,0.018288462
2 conv + 1 fully,16,256,1024,4,2,0.42188,0.98438,0.976562,1296,0.019528205
2 conv + 1 fully,16,512,2,5,-8,0.10938,0.03906,0.0859375,530,0.022221795
2 conv + 1 fully,16,512,4,5,-7,0.17969,0.15625,0.136719,532,0.022208974
2 conv + 1 fully,16,512,8,5,-6,0.10156,0.14062,0.121094,536,0.022384615
2 conv + 1 fully,16,512,16,5,-5,0.10938,0.14844,0.136719,544,0.024372436
2 conv + 1 fully,16,512,32,5,-4,0.24219,0.07812,0.09375,560,0.022562821
2 conv + 1 fully,16,512,64,5,-3,0.20312,0.125,0.109375,592,0.024766026
2 conv + 1 fully,16,512,128,5,-2,0.21094,0.14844,0.15625,656,0.023583974
2 conv + 1 fully,16,512,256,5,-1,0.28125,0.28906,0.1875,784,0.027040385
2 conv + 1 fully,16,512,512,5,0,0.39062,0.86719,0.308594,1040,0.028235897
2 conv + 1 fully,16,512,1024,5,1,0.53906,0.9375,0.972656,1552,0.034162179
2 conv + 1 fully,16,1024,2,6,-9,0.10938,0.07031,0.132812,1042,0.041698718
2 conv + 1 fully,16,1024,4,6,-8,0.10156,0.13281,0.0859375,1044,0.040262821
2 conv + 1 fully,16,1024,8,6,-7,0.11719,0.07812,0.0898438,1048,0.042402564
2 conv + 1 fully,16,1024,16,6,-6,0.14844,0.10156,0.0859375,1056,0.04038141
2 conv + 1 fully,16,1024,32,6,-5,0.28125,0.125,0.0898438,1072,0.042385897
2 conv + 1 fully,16,1024,64,6,-4,0.23438,0.17969,0.136719,1104,0.041045513
2 conv + 1 fully,16,1024,128,6,-3,0.32031,0.04688,0.136719,1168,0.042282051
2 conv + 1 fully,16,1024,256,6,-2,0.48438,0.15625,0.121094,1296,0.045555128
2 conv + 1 fully,16,1024,512,6,-1,0.54688,0.75781,0.324219,1552,0.051830128
2 conv + 1 fully,16,1024,1024,6,0,0.48438,0.94531,0.992188,2064,0.066607692
2 conv + 1 fully,32,2,2,-4,0,0.09375,0.0625,0.132812,36,0.006678077
2 conv + 1 fully,32,2,4,-4,1,0.10938,0.07031,0.0859375,38,0.008510192
2 conv + 1 fully,32,2,8,-4,2,0.07812,0.11719,0.136719,42,0.006672821
2 conv + 1 fully,32,2,16,-4,3,0.125,0.10156,0.136719,50,0.006639936
2 conv + 1 fully,32,2,32,-4,4,0.13281,0.09375,0.136719,66,0.006667756
2 conv + 1 fully,32,2,64,-4,5,0.08594,0.08594,0.117188,98,0.006744038
2 conv + 1 fully,32,2,128,-4,6,0.11719,0.16406,0.171875,162,0.008573269
2 conv + 1 fully,32,2,256,-4,7,0.0625,0.10938,0.0898438,290,0.006760705
2 conv + 1 fully,32,2,512,-4,8,0.15625,0.22656,0.195312,546,0.008664936
2 conv + 1 fully,32,2,1024,-4,9,0.10156,0.16406,0.132812,1058,0.007077756
2 conv + 1 fully,32,4,2,-3,-1,0.04688,0.11719,0.0742188,38,0.057670705
2 conv + 1 fully,32,4,4,-3,0,0.05469,0.11719,0.136719,40,0.016865577
2 conv + 1 fully,32,4,8,-3,1,0.13281,0.08594,0.113281,44,0.00868141
2 conv + 1 fully,32,4,16,-3,2,0.10938,0.0625,0.105469,52,0.006776026
2 conv + 1 fully,32,4,32,-3,3,0.08594,0.13281,0.117188,68,0.006816923
2 conv + 1 fully,32,4,64,-3,4,0.02344,0.09375,0.148438,100,0.008683782
2 conv + 1 fully,32,4,128,-3,5,0.03125,0.08594,0.0742188,164,0.006880192
2 conv + 1 fully,32,4,256,-3,6,0.0625,0.17188,0.148438,292,0.008758718
2 conv + 1 fully,32,4,512,-3,7,0.17969,0.17969,0.132812,548,0.006939167
2 conv + 1 fully,32,4,1024,-3,8,0.14062,0.10156,0.0976562,1060,0.009204231
2 conv + 1 fully,32,8,2,-2,-2,0.0625,0.07812,0.101562,42,0.007107564
2 conv + 1 fully,32,8,4,-2,-1,0.0625,0.10938,0.0742188,44,0.007343077
2 conv + 1 fully,32,8,8,-2,0,0.11719,0.11719,0.136719,48,0.009075962
2 conv + 1 fully,32,8,16,-2,1,0.14062,0.10938,0.101562,56,0.007291667
2 conv + 1 fully,32,8,32,-2,2,0.16406,0.09375,0.0859375,72,0.009172436
2 conv + 1 fully,32,8,64,-2,3,0.10156,0.11719,0.140625,104,0.007404936
2 conv + 1 fully,32,8,128,-2,4,0.10938,0.16406,0.199219,168,0.009484615
2 conv + 1 fully,32,8,256,-2,5,0.1875,0.75781,0.785156,296,0.007444551
2 conv + 1 fully,32,8,512,-2,6,0.14062,0.92969,0.902344,552,0.007544679
2 conv + 1 fully,32,8,1024,-2,7,0.14062,0.88281,0.890625,1064,0.009717756
2 conv + 1 fully,32,16,2,-1,-3,0.11719,0.10156,0.0898438,50,0.058641859
2 conv + 1 fully,32,16,4,-1,-2,0.14062,0.07812,0.109375,52,0.009841346
2 conv + 1 fully,32,16,8,-1,-1,0.14844,0.07031,0.0859375,56,0.007907885
2 conv + 1 fully,32,16,16,-1,0,0.14844,0.08594,0.109375,64,0.009782756
2 conv + 1 fully,32,16,32,-1,1,0.09375,0.125,0.136719,80,0.007959231
2 conv + 1 fully,32,16,64,-1,2,0.14062,0.10156,0.101562,112,0.008056026
2 conv + 1 fully,32,16,128,-1,3,0.13281,0.73438,0.125,176,0.0081275
2 conv + 1 fully,32,16,256,-1,4,0.0625,0.875,0.6875,304,0.008243782
2 conv + 1 fully,32,16,512,-1,5,0.22656,0.95312,0.945312,560,0.010341667
2 conv + 1 fully,32,16,1024,-1,6,0.17188,0.92188,0.957031,1072,0.008694423
2 conv + 1 fully,32,32,2,0,-4,0.10156,0.16406,0.136719,66,0.011170833
2 conv + 1 fully,32,32,4,0,-3,0.08594,0.11719,0.0898438,68,0.008993269
2 conv + 1 fully,32,32,8,0,-2,0.09375,0.0625,0.09375,72,0.00901359
2 conv + 1 fully,32,32,16,0,-1,0.08594,0.07812,0.136719,80,0.009049936
2 conv + 1 fully,32,32,32,0,0,0.16406,0.08594,0.15625,96,0.009025
2 conv + 1 fully,32,32,64,0,1,0.14844,0.125,0.128906,128,0.010971474
2 conv + 1 fully,32,32,128,0,2,0.24219,0.21875,0.179688,192,0.009300577
2 conv + 1 fully,32,32,256,0,3,0.125,0.83594,0.421875,320,0.011210321
2 conv + 1 fully,32,32,512,0,4,0.13281,0.95312,0.953125,576,0.009506731
2 conv + 1 fully,32,32,1024,0,5,0.28125,0.96094,0.988281,1088,0.011870769
2 conv + 1 fully,32,64,2,1,-5,0.07812,0.08594,0.136719,98,0.097615513
2 conv + 1 fully,32,64,4,1,-4,0.0625,0.10156,0.0859375,100,0.01085391
2 conv + 1 fully,32,64,8,1,-3,0.11719,0.125,0.136719,104,0.010826154
2 conv + 1 fully,32,64,16,1,-2,0.125,0.125,0.0859375,112,0.010847179
2 conv + 1 fully,32,64,32,1,-1,0.10938,0.14844,0.0859375,128,0.011028462
2 conv + 1 fully,32,64,64,1,0,0.21094,0.10938,0.101562,160,0.010990577
2 conv + 1 fully,32,64,128,1,1,0.09375,0.14844,0.144531,224,0.01101109
2 conv + 1 fully,32,64,256,1,2,0.21094,0.89062,0.628906,352,0.011208077
2 conv + 1 fully,32,64,512,1,3,0.19531,0.9375,0.957031,608,0.011450128
2 conv + 1 fully,32,64,1024,1,4,0.3125,0.9375,0.984375,1120,0.012052949
2 conv + 1 fully,32,128,2,2,-6,0.11719,0.14844,0.136719,162,0.01271859
2 conv + 1 fully,32,128,4,2,-5,0.13281,0.0625,0.121094,164,0.012847436
2 conv + 1 fully,32,128,8,2,-4,0.08594,0.07031,0.0898438,168,0.013110897
2 conv + 1 fully,32,128,16,2,-3,0.08594,0.14062,0.132812,176,0.012821795
2 conv + 1 fully,32,128,32,2,-2,0.11719,0.11719,0.0546875,192,0.0133
2 conv + 1 fully,32,128,64,2,-1,0.125,0.09375,0.125,224,0.013023077
2 conv + 1 fully,32,128,128,2,0,0.26562,0.16406,0.109375,288,0.01324359
2 conv + 1 fully,32,128,256,2,1,0.34375,0.67969,0.226562,416,0.013705128
2 conv + 1 fully,32,128,512,2,2,0.28125,0.96875,0.957031,672,0.014752564
2 conv + 1 fully,32,128,1024,2,3,0.38281,0.96094,0.976562,1184,0.015925
2 conv + 1 fully,32,256,2,3,-7,0.082035,0.074215,0.06445315,290,0.019011218
2 conv + 1 fully,32,256,4,3,-6,0.08594,0.0625,0.121094,292,0.018998077
2 conv + 1 fully,32,256,8,3,-5,0.22656,0.10938,0.109375,296,0.019148718
2 conv + 1 fully,32,256,16,3,-4,0.125,0.10938,0.132812,304,0.019348718
2 conv + 1 fully,32,256,32,3,-3,0.24219,0.07812,0.132812,320,0.019333974
2 conv + 1 fully,32,256,64,3,-2,0.16406,0.08594,0.109375,352,0.019533974
2 conv + 1 fully,32,256,128,3,-1,0.33594,0.09375,0.148438,416,0.020053846
2 conv + 1 fully,32,256,256,3,0,0.27344,0.34375,0.144531,544,0.020821154
2 conv + 1 fully,32,256,512,3,1,0.3125,0.96094,0.941406,800,0.022420513
2 conv + 1 fully,32,256,1024,3,2,0.38281,0.96875,0.980469,1312,0.025373077
2 conv + 1 fully,32,512,2,4,-8,0.117185,0.11328,0.11132825,546,0.031574359
2 conv + 1 fully,32,512,4,4,-7,0.17188,0.07812,0.136719,548,0.032098077
2 conv + 1 fully,32,512,8,4,-6,0.08594,0.07812,0.121094,552,0.031991026
2 conv + 1 fully,32,512,16,4,-5,0.25,0.10156,0.136719,560,0.032180128
2 conv + 1 fully,32,512,32,4,-4,0.19531,0.10156,0.109375,576,0.032251282
2 conv + 1 fully,32,512,64,4,-3,0.24219,0.11719,0.0585938,608,0.032686538
2 conv + 1 fully,32,512,128,4,-2,0.28125,0.08594,0.09375,672,0.033374359
2 conv + 1 fully,32,512,256,4,-1,0.4375,0.21094,0.15625,800,0.034958974
2 conv + 1 fully,32,512,512,4,0,0.42969,0.91406,0.3125,1056,0.037932692
2 conv + 1 fully,32,512,1024,4,1,0.66406,0.96094,0.980469,1568,0.044039744
2 conv + 1 fully,32,1024,2,5,-9,0.10547,0.113285,0.097656,1058,0.055989103
2 conv + 1 fully,32,1024,4,5,-8,0.10156,0.08594,0.09375,1060,0.056236538
2 conv + 1 fully,32,1024,8,5,-7,0.10156,0.07031,0.0859375,1064,0.056196795
2 conv + 1 fully,32,1024,16,5,-6,0.05469,0.17188,0.0546875,1072,0.056803205
2 conv + 1 fully,32,1024,32,5,-5,0.17969,0.08594,0.132812,1088,0.056414744
2 conv + 1 fully,32,1024,64,5,-4,0.21875,0.15625,0.09375,1120,0.056882051
2 conv + 1 fully,32,1024,128,5,-3,0.42969,0.13281,0.136719,1184,0.058241667
2 conv + 1 fully,32,1024,256,5,-2,0.45312,0.17188,0.125,1312,0.061491667
2 conv + 1 fully,32,1024,512,5,-1,0.58594,0.8125,0.339844,1568,0.067694231
2 conv + 1 fully,32,1024,1024,5,0,0.70312,0.96094,0.964844,2080,0.079910897
2 conv + 1 fully,64,2,2,-5,0,0.0625,0.0625,0.136719,68,0.01136141
2 conv + 1 fully,64,2,4,-5,1,0.07031,0.10938,0.0898438,70,0.009421859
2 conv + 1 fully,64,2,8,-5,2,0.07812,0.10156,0.136719,74,0.00942
2 conv + 1 fully,64,2,16,-5,3,0.09375,0.10156,0.0546875,82,0.009462821
2 conv + 1 fully,64,2,32,-5,4,0.13281,0.20312,0.261719,98,0.009523269
2 conv + 1 fully,64,2,64,-5,5,0.125,0.125,0.0898438,130,0.011310962
2 conv + 1 fully,64,2,128,-5,6,0.09375,0.08594,0.121094,194,0.009467949
2 conv + 1 fully,64,2,256,-5,7,0.10156,0.10156,0.195312,322,0.011395769
2 conv + 1 fully,64,2,512,-5,8,0.13281,0.14062,0.210938,578,0.009669038
2 conv + 1 fully,64,2,1024,-5,9,0.08594,0.125,0.0976562,1090,0.01168859
2 conv + 1 fully,64,4,2,-4,-1,0.10156,0.08594,0.109375,70,0.010698974
2 conv + 1 fully,64,4,4,-4,0,0.13281,0.10938,0.136719,72,0.008826282
2 conv + 1 fully,64,4,8,-4,1,0.10938,0.10156,0.0546875,76,0.008845256
2 conv + 1 fully,64,4,16,-4,2,0.11719,0.13281,0.136719,84,0.008859231
2 conv + 1 fully,64,4,32,-4,3,0.14844,0.14062,0.0898438,100,0.00887141
2 conv + 1 fully,64,4,64,-4,4,0.19531,0.07812,0.195312,132,0.010889167
2 conv + 1 fully,64,4,128,-4,5,0.08594,0.07031,0.183594,196,0.008948141
2 conv + 1 fully,64,4,256,-4,6,0.10938,0.10938,0.0859375,324,0.01082609
2 conv + 1 fully,64,4,512,-4,7,0.17969,0.02344,0.132812,580,0.00903391
2 conv + 1 fully,64,4,1024,-4,8,0.13281,0.17188,0.160156,1092,0.011264103
2 conv + 1 fully,64,8,2,-3,-2,0.125,0.10938,0.101562,74,0.010878654
2 conv + 1 fully,64,8,4,-3,-1,0.05469,0.11719,0.109375,76,0.009094615
2 conv + 1 fully,64,8,8,-3,0,0.125,0.0625,0.136719,80,0.009118526
2 conv + 1 fully,64,8,16,-3,1,0.09375,0.13281,0.136719,88,0.009078141
2 conv + 1 fully,64,8,32,-3,2,0.09375,0.11719,0.0898438,104,0.009122308
2 conv + 1 fully,64,8,64,-3,3,0.09375,0.14844,0.136719,136,0.011075833
2 conv + 1 fully,64,8,128,-3,4,0.16406,0.17188,0.183594,200,0.009145128
2 conv + 1 fully,64,8,256,-3,5,0.125,0.09375,0.175781,328,0.011068013
2 conv + 1 fully,64,8,512,-3,6,0.125,0.16406,0.15625,584,0.009344167
2 conv + 1 fully,64,8,1024,-3,7,0.10938,0.71875,0.34375,1096,0.011489551
2 conv + 1 fully,64,16,2,-2,-3,0.13281,0.11719,0.0546875,82,0.011499359
2 conv + 1 fully,64,16,4,-2,-2,0.08594,0.09375,0.136719,84,0.009709936
2 conv + 1 fully,64,16,8,-2,-1,0.11719,0.125,0.136719,88,0.009752436
2 conv + 1 fully,64,16,16,-2,0,0.17969,0.10156,0.0898438,96,0.009708333
2 conv + 1 fully,64,16,32,-2,1,0.07031,0.10156,0.09375,112,0.009707051
2 conv + 1 fully,64,16,64,-2,2,0.10938,0.10938,0.113281,144,0.011690128
2 conv + 1 fully,64,16,128,-2,3,0.10156,0.66406,0.167969,208,0.009862179
2 conv + 1 fully,64,16,256,-2,4,0.10938,0.85938,0.921875,336,0.011765833
2 conv + 1 fully,64,16,512,-2,5,0.20312,0.90625,0.984375,592,0.01005859
2 conv + 1 fully,64,16,1024,-2,6,0.25781,0.92969,0.933594,1104,0.012397179
2 conv + 1 fully,64,32,2,-1,-4,0.10938,0.07812,0.101562,98,0.012720513
2 conv + 1 fully,64,32,4,-1,-3,0.05469,0.10156,0.132812,100,0.010903205
2 conv + 1 fully,64,32,8,-1,-2,0.14062,0.09375,0.101562,104,0.01095641
2 conv + 1 fully,64,32,16,-1,-1,0.14062,0.0625,0.0898438,112,0.010937821
2 conv + 1 fully,64,32,32,-1,0,0.11719,0.08594,0.132812,128,0.010967308
2 conv + 1 fully,64,32,64,-1,1,0.21875,0.10156,0.140625,160,0.012860256
2 conv + 1 fully,64,32,128,-1,2,0.21875,0.11719,0.113281,224,0.011047436
2 conv + 1 fully,64,32,256,-1,3,0.13281,0.875,0.933594,352,0.013135256
2 conv + 1 fully,64,32,512,-1,4,0.13281,0.96094,0.957031,608,0.011396795
2 conv + 1 fully,64,32,1024,-1,5,0.22656,0.94531,0.988281,1120,0.013594231
2 conv + 1 fully,64,64,2,0,-5,0.10156,0.1875,0.09375,130,0.015740385
2 conv + 1 fully,64,64,4,0,-4,0.13281,0.09375,0.136719,132,0.013690385
2 conv + 1 fully,64,64,8,0,-3,0.05469,0.13281,0.136719,136,0.013746154
2 conv + 1 fully,64,64,16,0,-2,0.05469,0.10938,0.101562,144,0.013725641
2 conv + 1 fully,64,64,32,0,-1,0.13281,0.07031,0.09375,160,0.013729487
2 conv + 1 fully,64,64,64,0,0,0.15625,0.09375,0.136719,192,0.015796154
2 conv + 1 fully,64,64,128,0,1,0.21875,0.19531,0.101562,256,0.013867308
2 conv + 1 fully,64,64,256,0,2,0.125,0.89062,0.929688,384,0.015859615
2 conv + 1 fully,64,64,512,0,3,0.17188,0.92188,0.972656,640,0.014330769
2 conv + 1 fully,64,64,1024,0,4,0.24219,0.96875,0.984375,1152,0.016778205
2 conv + 1 fully,64,128,2,1,-6,0.11719,0.11719,0.0546875,194,0.019649359
2 conv + 1 fully,64,128,4,1,-5,0.07812,0.11719,0.132812,196,0.017839103
2 conv + 1 fully,64,128,8,1,-4,0.15625,0.125,0.121094,200,0.017852564
2 conv + 1 fully,64,128,16,1,-3,0.10938,0.11719,0.136719,208,0.017876282
2 conv + 1 fully,64,128,32,1,-2,0.125,0.10156,0.136719,224,0.017953846
2 conv + 1 fully,64,128,64,1,-1,0.20312,0.11719,0.109375,256,0.020236538
2 conv + 1 fully,64,128,128,1,0,0.14844,0.14062,0.121094,320,0.018304487
2 conv + 1 fully,64,128,256,1,1,0.3125,0.45312,0.207031,448,0.020648718
2 conv + 1 fully,64,128,512,1,2,0.23438,0.90625,0.964844,704,0.019560256
2 conv + 1 fully,64,128,1024,1,3,0.42969,1,0.980469,1216,0.022896154
2 conv + 1 fully,64,256,2,2,-7,0.13281,0.11719,0.136719,322,0.029278846
2 conv + 1 fully,64,256,4,2,-6,0.0625,0.10938,0.0859375,324,0.027411538
2 conv + 1 fully,64,256,8,2,-5,0.13281,0.10156,0.0742188,328,0.027436538
2 conv + 1 fully,64,256,16,2,-4,0.09375,0.10156,0.0742188,336,0.027607051
2 conv + 1 fully,64,256,32,2,-3,0.14062,0.125,0.121094,352,0.02761859
2 conv + 1 fully,64,256,64,2,-2,0.24219,0.09375,0.0898438,384,0.029648718
2 conv + 1 fully,64,256,128,2,-1,0.25781,0.10156,0.128906,448,0.028170513
2 conv + 1 fully,64,256,256,2,0,0.36719,0.34375,0.207031,576,0.030933974
2 conv + 1 fully,64,256,512,2,1,0.48438,0.94531,0.933594,832,0.030582692
2 conv + 1 fully,64,256,1024,2,2,0.24219,0.98438,0.976562,1344,0.035523718
2 conv + 1 fully,64,512,2,3,-8,0.10156,0.11719,0.0859375,578,0.048135256
2 conv + 1 fully,64,512,4,3,-7,0.05469,0.17188,0.0898438,580,0.046113462
2 conv + 1 fully,64,512,8,3,-6,0.09375,0.11719,0.109375,584,0.046317308
2 conv + 1 fully,64,512,16,3,-5,0.15625,0.125,0.0546875,592,0.046414744
2 conv + 1 fully,64,512,32,3,-4,0.17188,0.0625,0.09375,608,0.046590385
2 conv + 1 fully,64,512,64,3,-3,0.13281,0.05469,0.128906,640,0.048869231
2 conv + 1 fully,64,512,128,3,-2,0.38281,0.17969,0.15625,704,0.047673718
2 conv + 1 fully,64,512,256,3,-1,0.39844,0.24219,0.132812,832,0.051105128
2 conv + 1 fully,64,512,512,3,0,0.625,0.88281,0.550781,1088,0.052282692
2 conv + 1 fully,64,512,1024,3,1,0.50781,0.96875,0.976562,1600,0.060519872
2 conv + 1 fully,64,1024,2,4,-9,0.07812,0.05469,0.0898438,1090,0.085819231
2 conv + 1 fully,64,1024,4,4,-8,0.08594,0.10938,0.136719,1092,0.084398718
2 conv + 1 fully,64,1024,8,4,-7,0.21094,0.125,0.136719,1096,0.084496795
2 conv + 1 fully,64,1024,16,4,-6,0.14844,0.04688,0.109375,1104,0.084449359
2 conv + 1 fully,64,1024,32,4,-5,0.21094,0.10156,0.09375,1120,0.084509615
2 conv + 1 fully,64,1024,64,4,-4,0.24219,0.0625,0.121094,1152,0.087089103
2 conv + 1 fully,64,1024,128,4,-3,0.42188,0.13281,0.0898438,1216,0.086555769
2 conv + 1 fully,64,1024,256,4,-2,0.50781,0.17969,0.0859375,1344,0.091457692
2 conv + 1 fully,64,1024,512,4,-1,0.54688,0.89844,0.390625,1600,0.095716026
2 conv + 1 fully,64,1024,1024,4,0,0.60156,0.98438,0.960938,2112,0.111852564
2 conv + 1 fully,128,2,2,-6,0,0.09375,0.07812,0.0898438,132,0.017383333
2 conv + 1 fully,128,2,4,-6,1,0.09375,0.125,0.136719,134,0.015564744
2 conv + 1 fully,128,2,8,-6,2,0.07031,0.14062,0.136719,138,0.015598077
2 conv + 1 fully,128,2,16,-6,3,0.00781,0.11719,0.117188,146,0.015599359
2 conv + 1 fully,128,2,32,-6,4,0.125,0.09375,0.136719,162,0.015553205
2 conv + 1 fully,128,2,64,-6,5,0.125,0.09375,0.136719,194,0.017471154
2 conv + 1 fully,128,2,128,-6,6,0.09375,0.125,0.136719,258,0.015609615
2 conv + 1 fully,128,2,256,-6,7,0.10156,0.07812,0.121094,386,0.017513462
2 conv + 1 fully,128,2,512,-6,8,0.16406,0.10156,0.132812,642,0.015748077
2 conv + 1 fully,128,2,1024,-6,9,0.07812,0.09375,0.136719,1154,0.01781859
2 conv + 1 fully,128,4,2,-5,-1,0.10938,0.0625,0.132812,134,0.016996154
2 conv + 1 fully,128,4,4,-5,0,0.15625,0.125,0.136719,136,0.015162821
2 conv + 1 fully,128,4,8,-5,1,0.11719,0.07031,0.121094,140,0.015232692
2 conv + 1 fully,128,4,16,-5,2,0.17969,0.10156,0.136719,148,0.015145513
2 conv + 1 fully,128,4,32,-5,3,0.08594,0.10938,0.136719,164,0.015280128
2 conv + 1 fully,128,4,64,-5,4,0.07031,0.10156,0.0898438,196,0.017017949
2 conv + 1 fully,128,4,128,-5,5,0.13281,0.09375,0.0898438,260,0.015223077
2 conv + 1 fully,128,4,256,-5,6,0.11719,0.11719,0.101562,388,0.017125641
2 conv + 1 fully,128,4,512,-5,7,0.17188,0.08594,0.09375,644,0.015328205
2 conv + 1 fully,128,4,1024,-5,8,0.13281,0.11719,0.0859375,1156,0.017491667
2 conv + 1 fully,128,8,2,-4,-2,0.10156,0.05469,0.0898438,138,0.017201923
2 conv + 1 fully,128,8,4,-4,-1,0.19531,0.10938,0.121094,140,0.015428846
2 conv + 1 fully,128,8,8,-4,0,0.04688,0.07812,0.101562,144,0.015501923
2 conv + 1 fully,128,8,16,-4,1,0.09375,0.11719,0.09375,152,0.015435256
2 conv + 1 fully,128,8,32,-4,2,0.13281,0.0625,0.0546875,168,0.015413462
2 conv + 1 fully,128,8,64,-4,3,0.125,0.08594,0.0898438,200,0.017275
2 conv + 1 fully,128,8,128,-4,4,0.13281,0.10938,0.136719,264,0.015510897
2 conv + 1 fully,128,8,256,-4,5,0.14844,0.16406,0.195312,392,0.017419872
2 conv + 1 fully,128,8,512,-4,6,0.10938,0.125,0.136719,648,0.01560641
2 conv + 1 fully,128,8,1024,-4,7,0.17188,0.125,0.132812,1160,0.017785897
2 conv + 1 fully,128,16,2,-3,-3,0.10156,0.07812,0.136719,146,0.017963462
2 conv + 1 fully,128,16,4,-3,-2,0.10156,0.03906,0.101562,148,0.016157692
2 conv + 1 fully,128,16,8,-3,-1,0.1875,0.05469,0.0546875,152,0.016230769
2 conv + 1 fully,128,16,16,-3,0,0.08594,0.14062,0.136719,160,0.016287179
2 conv + 1 fully,128,16,32,-3,1,0.125,0.10938,0.09375,176,0.016264744
2 conv + 1 fully,128,16,64,-3,2,0.07031,0.09375,0.132812,208,0.018162179
2 conv + 1 fully,128,16,128,-3,3,0.09375,0.82031,0.140625,272,0.016348718
2 conv + 1 fully,128,16,256,-3,4,0.15625,0.14062,0.109375,400,0.018312179
2 conv + 1 fully,128,16,512,-3,5,0.1875,0.125,0.140625,656,0.016510897
2 conv + 1 fully,128,16,1024,-3,6,0.10938,0.90625,0.960938,1168,0.019134615
2 conv + 1 fully,128,32,2,-2,-4,0.07031,0.08594,0.109375,162,0.019894231
2 conv + 1 fully,128,32,4,-2,-3,0.09375,0.09375,0.113281,164,0.018123718
2 conv + 1 fully,128,32,8,-2,-2,0.13281,0.08594,0.09375,168,0.018148077
2 conv + 1 fully,128,32,16,-2,-1,0.10938,0.10156,0.0546875,176,0.018111538
2 conv + 1 fully,128,32,32,-2,0,0.11719,0.08594,0.0859375,192,0.018166667
2 conv + 1 fully,128,32,64,-2,1,0.21875,0.13281,0.144531,224,0.020149359
2 conv + 1 fully,128,32,128,-2,2,0.13281,0.16406,0.148438,288,0.018275641
2 conv + 1 fully,128,32,256,-2,3,0.17188,0.89062,0.945312,416,0.020361538
2 conv + 1 fully,128,32,512,-2,4,0.17969,0.96875,0.960938,672,0.018578205
2 conv + 1 fully,128,32,1024,-2,5,0.28906,0.96094,0.976562,1184,0.020824359
2 conv + 1 fully,128,64,2,-1,-5,0.08594,0.11719,0.121094,194,0.023912179
2 conv + 1 fully,128,64,4,-1,-4,0.125,0.11719,0.132812,196,0.022017949
2 conv + 1 fully,128,64,8,-1,-3,0.17188,0.10938,0.136719,200,0.022067949
2 conv + 1 fully,128,64,16,-1,-2,0.17188,0.07031,0.109375,208,0.022046154
2 conv + 1 fully,128,64,32,-1,-1,0.21094,0.08594,0.0859375,224,0.022115385
2 conv + 1 fully,128,64,64,-1,0,0.15625,0.10156,0.121094,256,0.024116667
2 conv + 1 fully,128,64,128,-1,1,0.13281,0.17188,0.140625,320,0.022259615
2 conv + 1 fully,128,64,256,-1,2,0.21094,0.89062,0.238281,448,0.024198718
2 conv + 1 fully,128,64,512,-1,3,0.22656,0.95312,0.96875,704,0.02268141
2 conv + 1 fully,128,64,1024,-1,4,0.25,0.95312,0.988281,1216,0.025040385
2 conv + 1 fully,128,128,2,0,-6,0.07812,0.09375,0.0898438,258,0.031273077
2 conv + 1 fully,128,128,4,0,-5,0.15625,0.13281,0.136719,260,0.029455769
2 conv + 1 fully,128,128,8,0,-4,0.14844,0.08594,0.0546875,264,0.029512821
2 conv + 1 fully,128,128,16,0,-3,0.05469,0.05469,0.09375,272,0.029530128
2 conv + 1 fully,128,128,32,0,-2,0.13281,0.125,0.125,288,0.029625
2 conv + 1 fully,128,128,64,0,-1,0.35156,0.10156,0.09375,320,0.031611538
2 conv + 1 fully,128,128,128,0,0,0.11719,0.125,0.140625,384,0.029927564
2 conv + 1 fully,128,128,256,0,1,0.30469,0.60938,0.210938,512,0.032228846
2 conv + 1 fully,128,128,512,0,2,0.34375,0.91406,0.964844,768,0.031207692
2 conv + 1 fully,128,128,1024,0,3,0.44531,0.98438,0.984375,1280,0.034441667
2 conv + 1 fully,128,256,2,1,-7,0.08594,0.08594,0.121094,386,0.045501923
2 conv + 1 fully,128,256,4,1,-6,0.08594,0.07812,0.0742188,388,0.043726282
2 conv + 1 fully,128,256,8,1,-5,0.10156,0.07812,0.109375,392,0.043730128
2 conv + 1 fully,128,256,16,1,-4,0.25,0.11719,0.136719,400,0.043751282
2 conv + 1 fully,128,256,32,1,-3,0.19531,0.10156,0.109375,416,0.043916026
2 conv + 1 fully,128,256,64,1,-2,0.15625,0.10938,0.125,448,0.045844231
2 conv + 1 fully,128,256,128,1,-1,0.16406,0.20312,0.136719,512,0.044505769
2 conv + 1 fully,128,256,256,1,0,0.28906,0.1875,0.175781,640,0.047594872
2 conv + 1 fully,128,256,512,1,1,0.41406,0.89844,0.609375,896,0.046997436
2 conv + 1 fully,128,256,1024,1,2,0.47656,0.95312,0.980469,1408,0.051775
2 conv + 1 fully,128,512,2,2,-8,0.10156,0.09375,0.0859375,642,0.076239103
2 conv + 1 fully,128,512,4,2,-7,0.07031,0.07031,0.136719,644,0.074377564
2 conv + 1 fully,128,512,8,2,-6,0.09375,0.10156,0.136719,648,0.074759615
2 conv + 1 fully,128,512,16,2,-5,0.16406,0.09375,0.132812,656,0.074840385
2 conv + 1 fully,128,512,32,2,-4,0.17969,0.07812,0.136719,672,0.075042308
2 conv + 1 fully,128,512,64,2,-3,0.28125,0.10156,0.132812,704,0.077217949
2 conv + 1 fully,128,512,128,2,-2,0.32812,0.15625,0.136719,768,0.076177564
2 conv + 1 fully,128,512,256,2,-1,0.42969,0.21094,0.195312,896,0.079580128
2 conv + 1 fully,128,512,512,2,0,0.50781,0.91406,0.335938,1152,0.08081859
2 conv + 1 fully,128,512,1024,2,1,0.625,0.97656,0.972656,1664,0.088690385
2 conv + 1 fully,128,1024,2,3,-9,0.13281,0.125,0.136719,1154,0.137038462
2 conv + 1 fully,128,1024,4,3,-8,0.07812,0.05469,0.101562,1156,0.135333333
2 conv + 1 fully,128,1024,8,3,-7,0.09375,0.10938,0.0546875,1160,0.135262821
2 conv + 1 fully,128,1024,16,3,-6,0.125,0.10156,0.109375,1168,0.135737179
2 conv + 1 fully,128,1024,32,3,-5,0.1875,0.10156,0.132812,1184,0.135685897
2 conv + 1 fully,128,1024,64,3,-4,0.375,0.03906,0.121094,1216,0.138769231
2 conv + 1 fully,128,1024,128,3,-3,0.58594,0.14062,0.164062,1280,0.138025641
2 conv + 1 fully,128,1024,256,3,-2,0.5625,0.125,0.125,1408,0.144160256
2 conv + 1 fully,128,1024,512,3,-1,0.65625,0.42188,0.230469,1664,0.151141026
2 conv + 1 fully,128,1024,1024,3,0,0.61719,0.97656,0.972656,2176,0.165358974
2 conv + 1 fully,256,2,2,-7,0,0.08594,0.0625,0.09375,260,0.031654487
2 conv + 1 fully,256,2,4,-7,1,0.125,0.13281,0.128906,262,0.029562821
2 conv + 1 fully,256,2,8,-7,2,0.08594,0.10156,0.0898438,266,0.029634615
2 conv + 1 fully,256,2,16,-7,3,0.11719,0.07812,0.09375,274,0.029660256
2 conv + 1 fully,256,2,32,-7,4,0.125,0.11719,0.121094,290,0.029837179
2 conv + 1 fully,256,2,64,-7,5,0.10938,0.09375,0.0898438,322,0.031860897
2 conv + 1 fully,256,2,128,-7,6,0.10938,0.08594,0.0742188,386,0.029682051
2 conv + 1 fully,256,2,256,-7,7,0.11719,0.10938,0.121094,514,0.031520513
2 conv + 1 fully,256,2,512,-7,8,0.17188,0.11719,0.136719,770,0.029771795
2 conv + 1 fully,256,2,1024,-7,9,0.0625,0.11719,0.0742188,1282,0.031922436
2 conv + 1 fully,256,4,2,-6,-1,0.17188,0.10156,0.101562,262,0.033032692
2 conv + 1 fully,256,4,4,-6,0,0.16406,0.10938,0.0742188,264,0.030714103
2 conv + 1 fully,256,4,8,-6,1,0.14844,0.10156,0.136719,268,0.030782692
2 conv + 1 fully,256,4,16,-6,2,0.0625,0.09375,0.113281,276,0.031022436
2 conv + 1 fully,256,4,32,-6,3,0.21875,0.10938,0.121094,292,0.030699359
2 conv + 1 fully,256,4,64,-6,4,0.13281,0.11719,0.136719,324,0.032964103
2 conv + 1 fully,256,4,128,-6,5,0.10938,0.05469,0.0898438,388,0.030894231
2 conv + 1 fully,256,4,256,-6,6,0.07031,0.08594,0.136719,516,0.032767949
2 conv + 1 fully,256,4,512,-6,7,0.20312,0.125,0.117188,772,0.031016026
2 conv + 1 fully,256,4,1024,-6,8,0.27344,0.11719,0.136719,1284,0.033071154
2 conv + 1 fully,256,8,2,-5,-2,0.07812,0.16406,0.132812,266,0.032996795
2 conv + 1 fully,256,8,4,-5,-1,0.16406,0.08594,0.132812,268,0.031226282
2 conv + 1 fully,256,8,8,-5,0,0.11719,0.125,0.121094,272,0.031145513
2 conv + 1 fully,256,8,16,-5,1,0.17188,0.07031,0.132812,280,0.031287179
2 conv + 1 fully,256,8,32,-5,2,0.07812,0.11719,0.0742188,296,0.031530128
2 conv + 1 fully,256,8,64,-5,3,0.1875,0.15625,0.136719,328,0.033833333
2 conv + 1 fully,256,8,128,-5,4,0.09375,0.13281,0.0898438,392,0.031294872
2 conv + 1 fully,256,8,256,-5,5,0.15625,0.10938,0.0742188,520,0.033224359
2 conv + 1 fully,256,8,512,-5,6,0.1875,0.11719,0.0898438,776,0.031577564
2 conv + 1 fully,256,8,1024,-5,7,0.14062,0.84375,0.136719,1288,0.034077564
2 conv + 1 fully,256,16,2,-4,-3,0.10156,0.05469,0.121094,274,0.03455641
2 conv + 1 fully,256,16,4,-4,-2,0.03906,0.10938,0.132812,276,0.032769872
2 conv + 1 fully,256,16,8,-4,-1,0.11719,0.07812,0.09375,280,0.032798718
2 conv + 1 fully,256,16,16,-4,0,0.17969,0.10156,0.101562,288,0.032572436
2 conv + 1 fully,256,16,32,-4,1,0.11719,0.08594,0.121094,304,0.032674359
2 conv + 1 fully,256,16,64,-4,2,0.14062,0.10938,0.164062,336,0.034567949
2 conv + 1 fully,256,16,128,-4,3,0.21094,0.16406,0.0742188,400,0.033007051
2 conv + 1 fully,256,16,256,-4,4,0.14844,0.91406,0.136719,528,0.034691026
2 conv + 1 fully,256,16,512,-4,5,0.25781,0.9375,0.136719,784,0.032962821
2 conv + 1 fully,256,16,1024,-4,6,0.21094,0.90625,0.835938,1296,0.035563462
2 conv + 1 fully,256,32,2,-3,-4,0.08594,0.13281,0.109375,290,0.037645513
2 conv + 1 fully,256,32,4,-3,-3,0.17969,0.0625,0.136719,292,0.036089744
2 conv + 1 fully,256,32,8,-3,-2,0.07812,0.0625,0.109375,296,0.035998077
2 conv + 1 fully,256,32,16,-3,-1,0.07812,0.04688,0.109375,304,0.036198718
2 conv + 1 fully,256,32,32,-3,0,0.125,0.10156,0.136719,320,0.036349359
2 conv + 1 fully,256,32,64,-3,1,0.21875,0.11719,0.140625,352,0.037978205
2 conv + 1 fully,256,32,128,-3,2,0.15625,0.17969,0.148438,416,0.036119231
2 conv + 1 fully,256,32,256,-3,3,0.40625,0.92969,0.9375,544,0.038144231
2 conv + 1 fully,256,32,512,-3,4,0.17188,0.96875,0.957031,800,0.036515385
2 conv + 1 fully,256,32,1024,-3,5,0.3125,0.96094,0.949219,1312,0.039010256
2 conv + 1 fully,256,64,2,-2,-5,0.11719,0.07031,0.136719,322,0.055728205
2 conv + 1 fully,256,64,4,-2,-4,0.10938,0.11719,0.136719,324,0.04205641
2 conv + 1 fully,256,64,8,-2,-3,0.14844,0.07031,0.136719,328,0.042301923
2 conv + 1 fully,256,64,16,-2,-2,0.20312,0.11719,0.0898438,336,0.042222436
2 conv + 1 fully,256,64,32,-2,-1,0.09375,0.125,0.136719,352,0.042212179
2 conv + 1 fully,256,64,64,-2,0,0.25,0.07031,0.125,384,0.044358974
2 conv + 1 fully,256,64,128,-2,1,0.28906,0.14844,0.0898438,448,0.042435256
2 conv + 1 fully,256,64,256,-2,2,0.42969,0.39844,0.925781,576,0.044734615
2 conv + 1 fully,256,64,512,-2,3,0.39844,0.96875,0.976562,832,0.042848718
2 conv + 1 fully,256,64,1024,-2,4,0.48438,0.96094,0.964844,1344,0.045424359
2 conv + 1 fully,256,128,2,-1,-6,0.10156,0.10156,0.136719,386,0.121453205
2 conv + 1 fully,256,128,4,-1,-5,0.10938,0.14062,0.0898438,388,0.054332692
2 conv + 1 fully,256,128,8,-1,-4,0.15625,0.07031,0.101562,392,0.054407051
2 conv + 1 fully,256,128,16,-1,-3,0.14062,0.14844,0.09375,400,0.054446154
2 conv + 1 fully,256,128,32,-1,-2,0.16406,0.07031,0.136719,416,0.054669872
2 conv + 1 fully,256,128,64,-1,-1,0.28906,0.09375,0.144531,448,0.111017949
2 conv + 1 fully,256,128,128,-1,0,0.26562,0.14062,0.0859375,512,0.055273718
2 conv + 1 fully,256,128,256,-1,1,0.36719,0.19531,0.1875,640,0.099917949
2 conv + 1 fully,256,128,512,-1,2,0.42188,0.9375,0.96875,896,0.056219231
2 conv + 1 fully,256,128,1024,-1,3,0.46094,0.99219,0.988281,1408,0.093312821
2 conv + 1 fully,256,256,2,0,-7,0.10156,0.10938,0.09375,514,0.084114744
2 conv + 1 fully,256,256,4,0,-6,0.10156,0.08594,0.132812,516,0.072542949
2 conv + 1 fully,256,256,8,0,-5,0.0625,0.14062,0.0898438,520,0.072764103
2 conv + 1 fully,256,256,16,0,-4,0.13281,0.11719,0.0859375,528,0.073151923
2 conv + 1 fully,256,256,32,0,-3,0.23438,0.14844,0.136719,544,0.073151923
2 conv + 1 fully,256,256,64,0,-2,0.36719,0.14844,0.0742188,576,0.076883974
2 conv + 1 fully,256,256,128,0,-1,0.3125,0.14062,0.0976562,640,0.073821154
2 conv + 1 fully,256,256,256,0,0,0.52344,0.1875,0.140625,768,0.078064103
2 conv + 1 fully,256,256,512,0,1,0.58594,0.91406,0.945312,1024,0.076691026
2 conv + 1 fully,256,256,1024,0,2,0.6875,0.98438,0.976562,1536,0.082912821
2 conv + 1 fully,256,512,2,1,-8,0.13281,0.10156,0.0859375,770,0.141089744
2 conv + 1 fully,256,512,4,1,-7,0.10156,0.125,0.0859375,772,0.138153846
2 conv + 1 fully,256,512,8,1,-6,0.10156,0.15625,0.109375,776,0.138224359
2 conv + 1 fully,256,512,16,1,-5,0.125,0.10938,0.136719,784,0.138185897
2 conv + 1 fully,256,512,32,1,-4,0.21875,0.08594,0.136719,800,0.138660256
2 conv + 1 fully,256,512,64,1,-3,0.39062,0.07031,0.148438,832,0.165339744
2 conv + 1 fully,256,512,128,1,-2,0.5,0.17969,0.128906,896,0.13924359
2 conv + 1 fully,256,512,256,1,-1,0.54688,0.16406,0.164062,1024,0.162948718
2 conv + 1 fully,256,512,512,1,0,0.51562,0.4375,0.578125,1280,0.153884615
2 conv + 1 fully,256,512,1024,1,1,0.71094,0.92188,0.984375,1792,0.202057692
2 conv + 1 fully,256,1024,2,2,-9,0.13281,0.08594,0.136719,1282,0.347448718
2 conv + 1 fully,256,1024,4,2,-8,0.0625,0.125,0.09375,1284,0.308916667
2 conv + 1 fully,256,1024,8,2,-7,0.0625,0.05469,0.0898438,1288,0.309608974
2 conv + 1 fully,256,1024,16,2,-6,0.08594,0.07031,0.0742188,1296,0.309775641
2 conv + 1 fully,256,1024,32,2,-5,0.09375,0.11719,0.0820312,1312,0.31000641
2 conv + 1 fully,256,1024,64,2,-4,0.03906,0.13281,0.113281,1344,0.235788462
2 conv + 1 fully,256,1024,128,2,-3,0.13281,0.10156,0.121094,1408,0.236487179
2 conv + 1 fully,256,1024,256,2,-2,0.08594,0.13281,0.132812,1536,0.239730769
2 conv + 1 fully,256,1024,512,2,-1,0.08594,0.10938,0.246094,1792,0.255532051
2 conv + 1 fully,256,1024,1024,2,0,0.14062,0.11719,0.960938,2304,0.26299359
2 conv + 1 fully,512,2,2,-8,0,0.11719,0.07031,0.132812,516,0.056538462
2 conv + 1 fully,512,2,4,-8,1,0.125,0.10938,0.0898438,518,0.056617949
2 conv + 1 fully,512,2,8,-8,2,0.05469,0.07031,0.0898438,522,0.056591667
2 conv + 1 fully,512,2,16,-8,3,0.14062,0.07812,0.121094,530,0.056639103
2 conv + 1 fully,512,2,32,-8,4,0.05469,0.08594,0.0859375,546,0.056914744
2 conv + 1 fully,512,2,64,-8,5,0.125,0.15625,0.132812,578,0.056617949
2 conv + 1 fully,512,2,128,-8,6,0.15625,0.09375,0.121094,642,0.056583974
2 conv + 1 fully,512,2,256,-8,7,0.08594,0.07812,0.09375,770,0.056678205
2 conv + 1 fully,512,2,512,-8,8,0.11719,0.11719,0.121094,1026,0.056702564
2 conv + 1 fully,512,2,1024,-8,9,0.14062,0.14844,0.136719,1538,0.056853846
2 conv + 1 fully,512,4,2,-7,-1,0.07812,0.10156,0.132812,518,0.056460897
2 conv + 1 fully,512,4,4,-7,0,0.13281,0.05469,0.0898438,520,0.056625
2 conv + 1 fully,512,4,8,-7,1,0.10938,0.07812,0.0859375,524,0.056544231
2 conv + 1 fully,512,4,16,-7,2,0.07812,0.21094,0.148438,532,0.056457692
2 conv + 1 fully,512,4,32,-7,3,0.11719,0.14062,0.0546875,548,0.056544231
2 conv + 1 fully,512,4,64,-7,4,0.08594,0.09375,0.09375,580,0.056497436
2 conv + 1 fully,512,4,128,-7,5,0.07812,0.125,0.0898438,644,0.056597436
2 conv + 1 fully,512,4,256,-7,6,0.14062,0.16406,0.136719,772,0.05679359
2 conv + 1 fully,512,4,512,-7,7,0.03906,0.14062,0.0898438,1028,0.056871154
2 conv + 1 fully,512,4,1024,-7,8,0.11719,0.07031,0.0898438,1540,0.056953205
2 conv + 1 fully,512,8,2,-6,-2,0.09375,0.10938,0.136719,522,0.057092949
2 conv + 1 fully,512,8,4,-6,-1,0.09375,0.13281,0.109375,524,0.057039744
2 conv + 1 fully,512,8,8,-6,0,0.14844,0.0625,0.0898438,528,0.057388462
2 conv + 1 fully,512,8,16,-6,1,0.13281,0.07031,0.109375,536,0.057062179
2 conv + 1 fully,512,8,32,-6,2,0.14062,0.09375,0.109375,552,0.057297436
2 conv + 1 fully,512,8,64,-6,3,0.14062,0.13281,0.140625,584,0.056923718
2 conv + 1 fully,512,8,128,-6,4,0.11719,0.16406,0.0898438,648,0.057141026
2 conv + 1 fully,512,8,256,-6,5,0.22656,0.10938,0.136719,776,0.057445513
2 conv + 1 fully,512,8,512,-6,6,0.16406,0.07812,0.0546875,1032,0.057362179
2 conv + 1 fully,512,8,1024,-6,7,0.11719,0.05469,0.0859375,1544,0.057586538
2 conv + 1 fully,512,16,2,-5,-3,0.10938,0.08594,0.101562,530,0.058855128
2 conv + 1 fully,512,16,4,-5,-2,0.125,0.0625,0.0898438,532,0.058908333
2 conv + 1 fully,512,16,8,-5,-1,0.19531,0.07812,0.101562,536,0.058852564
2 conv + 1 fully,512,16,16,-5,0,0.07031,0.11719,0.132812,544,0.058959615
2 conv + 1 fully,512,16,32,-5,1,0.0625,0.07812,0.0546875,560,0.059146154
2 conv + 1 fully,512,16,64,-5,2,0.07812,0.0625,0.0742188,592,0.058958333
2 conv + 1 fully,512,16,128,-5,3,0.125,0.09375,0.128906,656,0.059010897
2 conv + 1 fully,512,16,256,-5,4,0.0625,0.10938,0.0859375,784,0.059132692
2 conv + 1 fully,512,16,512,-5,5,0.1875,0.03906,0.121094,1040,0.05925
2 conv + 1 fully,512,16,1024,-5,6,0.15625,0.13281,0.0859375,1552,0.059596795
2 conv + 1 fully,512,32,2,-4,-4,0.07812,0.07031,0.0898438,546,0.06539359
2 conv + 1 fully,512,32,4,-4,-3,0.125,0.09375,0.132812,548,0.065362179
2 conv + 1 fully,512,32,8,-4,-2,0.14844,0.125,0.121094,552,0.065341667
2 conv + 1 fully,512,32,16,-4,-1,0.10938,0.13281,0.0859375,560,0.065437179
2 conv + 1 fully,512,32,32,-4,0,0.13281,0.17188,0.160156,576,0.065397436
2 conv + 1 fully,512,32,64,-4,1,0.125,0.11719,0.0976562,608,0.065658333
2 conv + 1 fully,512,32,128,-4,2,0.1875,0.85938,0.871094,672,0.065560256
2 conv + 1 fully,512,32,256,-4,3,0.17188,0.90625,0.933594,800,0.065621795
2 conv + 1 fully,512,32,512,-4,4,0.26562,0.86719,0.921875,1056,0.065851923
2 conv + 1 fully,512,32,1024,-4,5,0.27344,0.95312,0.96875,1568,0.066151282
2 conv + 1 fully,512,64,2,-3,-5,0.10156,0.07812,0.109375,578,0.076302564
2 conv + 1 fully,512,64,4,-3,-4,0.08594,0.10156,0.0859375,580,0.076128205
2 conv + 1 fully,512,64,8,-3,-3,0.11719,0.11719,0.0859375,584,0.076164103
2 conv + 1 fully,512,64,16,-3,-2,0.25,0.07812,0.136719,592,0.076157692
2 conv + 1 fully,512,64,32,-3,-1,0.20312,0.07812,0.0898438,608,0.076289103
2 conv + 1 fully,512,64,64,-3,0,0.14062,0.13281,0.125,640,0.076460256
2 conv + 1 fully,512,64,128,-3,1,0.19531,0.11719,0.113281,704,0.076700641
2 conv + 1 fully,512,64,256,-3,2,0.23438,0.92188,0.503906,832,0.076942308
2 conv + 1 fully,512,64,512,-3,3,0.33594,0.97656,0.984375,1088,0.077173718
2 conv + 1 fully,512,64,1024,-3,4,0.39062,0.95312,0.976562,1600,0.077771795
2 conv + 1 fully,512,128,2,-2,-6,0.10156,0.09375,0.0859375,642,0.097044872
2 conv + 1 fully,512,128,4,-2,-5,0.10156,0.11719,0.09375,644,0.097175641
2 conv + 1 fully,512,128,8,-2,-4,0.03906,0.17188,0.136719,648,0.097135897
2 conv + 1 fully,512,128,16,-2,-3,0.10938,0.07812,0.121094,656,0.097213462
2 conv + 1 fully,512,128,32,-2,-2,0.17969,0.07031,0.0976562,672,0.09766859
2 conv + 1 fully,512,128,64,-2,-1,0.20312,0.08594,0.117188,704,0.09793141
2 conv + 1 fully,512,128,128,-2,0,0.28906,0.09375,0.0976562,768,0.098030128
2 conv + 1 fully,512,128,256,-2,1,0.21875,0.85156,0.214844,896,0.098530128
2 conv + 1 fully,512,128,512,-2,2,0.41406,0.96875,0.984375,1152,0.099659615
2 conv + 1 fully,512,128,1024,-2,3,0.53125,0.94531,0.996094,1664,0.100596795
2 conv + 1 fully,512,256,2,-1,-7,0.10156,0.10156,0.109375,770,0.143307692
2 conv + 1 fully,512,256,4,-1,-6,0.10938,0.07812,0.136719,772,0.143525641
2 conv + 1 fully,512,256,8,-1,-5,0.10156,0.03906,0.109375,776,0.143634615
2 conv + 1 fully,512,256,16,-1,-4,0.13281,0.0625,0.136719,784,0.143788462
2 conv + 1 fully,512,256,32,-1,-3,0.25,0.125,0.109375,800,0.143698718
2 conv + 1 fully,512,256,64,-1,-2,0.26562,0.07812,0.140625,832,0.144410256
2 conv + 1 fully,512,256,128,-1,-1,0.39844,0.07812,0.105469,896,0.144615385
2 conv + 1 fully,512,256,256,-1,0,0.55469,0.15625,0.183594,1024,0.14624359
2 conv + 1 fully,512,256,512,-1,1,0.48438,0.95312,0.984375,1280,0.147923077
2 conv + 1 fully,512,256,1024,-1,2,0.60938,0.98438,0.992188,1792,0.150583333
2 conv + 1 fully,512,512,2,0,-8,0.10156,0.125,0.109375,1026,0.224576923
2 conv + 1 fully,512,512,4,0,-7,0.125,0.10156,0.132812,1028,0.218237179
2 conv + 1 fully,512,512,8,0,-6,0.10156,0.10938,0.0859375,1032,0.220307692
2 conv + 1 fully,512,512,16,0,-5,0.13281,0.07031,0.136719,1040,0.217698718
2 conv + 1 fully,512,512,32,0,-4,0.23438,0.08594,0.0546875,1056,0.220442308
2 conv + 1 fully,512,512,64,0,-3,0.35156,0.10938,0.101562,1088,0.212032051
2 conv + 1 fully,512,512,128,0,-2,0.42188,0.14062,0.117188,1152,0.210153846
2 conv + 1 fully,512,512,256,0,-1,0.49219,0.21094,0.160156,1280,0.211557692
2 conv + 1 fully,512,512,512,0,0,0.71094,0.89844,0.339844,1536,0.215532051
2 conv + 1 fully,512,512,1024,0,1,0.58594,0.95312,0.976562,2048,0.221301282
2 conv + 1 fully,512,1024,2,1,-9,0.10156,0.14844,0.109375,1538,0.553057692
2 conv + 1 fully,512,1024,4,1,-8,0.10156,0.08594,0.09375,1540,0.579365385
2 conv + 1 fully,512,1024,8,1,-7,0.13281,0.14844,0.136719,1544,0.60575
2 conv + 1 fully,512,1024,16,1,-6,0.04688,0.09375,0.0742188,1552,0.606679487
2 conv + 1 fully,512,1024,32,1,-5,0.15625,0.08594,0.136719,1568,0.608564103
2 conv + 1 fully,512,1024,64,1,-4,0.39062,0.09375,0.09375,1600,0.606487179
2 conv + 1 fully,512,1024,128,1,-3,0.57812,0.05469,0.144531,1664,0.608448718
2 conv + 1 fully,512,1024,256,1,-2,0.65625,0.20312,0.183594,1792,0.613185897
2 conv + 1 fully,512,1024,512,1,-1,0.58594,0.44531,0.234375,2048,0.621333333
2 conv + 1 fully,512,1024,1024,1,0,0.67969,0.97656,0.976562,2560,0.545775641
2 conv + 1 fully,1024,2,2,-9,0,0.10156,0.15625,0.132812,1028,0.109173077
2 conv + 1 fully,1024,2,4,-9,1,0.14062,0.11719,0.0859375,1030,0.107897436
2 conv + 1 fully,1024,2,8,-9,2,0.10938,0.09375,0.09375,1034,0.107596154
2 conv + 1 fully,1024,2,16,-9,3,0.14062,0.125,0.136719,1042,0.107730769
2 conv + 1 fully,1024,2,32,-9,4,0.10156,0.10938,0.09375,1058,0.107724359
2 conv + 1 fully,1024,2,64,-9,5,0.0625,0.08594,0.109375,1090,0.109666667
2 conv + 1 fully,1024,2,128,-9,6,0.15625,0.10938,0.09375,1154,0.107967949
2 conv + 1 fully,1024,2,256,-9,7,0.125,0.10156,0.09375,1282,0.109865385
2 conv + 1 fully,1024,2,512,-9,8,0.10156,0.10156,0.0898438,1538,0.107948718
2 conv + 1 fully,1024,2,1024,-9,9,0.08594,0.09375,0.136719,2050,0.109942308
2 conv + 1 fully,1024,4,2,-8,-1,0.10938,0.07031,0.101562,1030,0.109051282
2 conv + 1 fully,1024,4,4,-8,0,0.11719,0.10938,0.101562,1032,0.107288462
2 conv + 1 fully,1024,4,8,-8,1,0.07031,0.07812,0.0898438,1036,0.107282051
2 conv + 1 fully,1024,4,16,-8,2,0.125,0.07031,0.140625,1044,0.107064103
2 conv + 1 fully,1024,4,32,-8,3,0.25781,0.15625,0.09375,1060,0.107096154
2 conv + 1 fully,1024,4,64,-8,4,0.08594,0.07031,0.136719,1092,0.109012821
2 conv + 1 fully,1024,4,128,-8,5,0.22656,0.11719,0.0742188,1156,0.107352564
2 conv + 1 fully,1024,4,256,-8,6,0.16406,0.08594,0.125,1284,0.109179487
2 conv + 1 fully,1024,4,512,-8,7,0.22656,0.03906,0.101562,1540,0.10775
2 conv + 1 fully,1024,4,1024,-8,8,0.22656,0.07812,0.109375,2052,0.109570513
2 conv + 1 fully,1024,8,2,-7,-2,0.10938,0.0625,0.0898438,1034,0.110032051
2 conv + 1 fully,1024,8,4,-7,-1,0.03125,0.11719,0.136719,1036,0.108339744
2 conv + 1 fully,1024,8,8,-7,0,0.14844,0.14062,0.09375,1040,0.108301282
2 conv + 1 fully,1024,8,16,-7,1,0.15625,0.03125,0.136719,1048,0.108346154
2 conv + 1 fully,1024,8,32,-7,2,0.07812,0.17188,0.140625,1064,0.108275641
2 conv + 1 fully,1024,8,64,-7,3,0.14844,0.09375,0.09375,1096,0.110237179
2 conv + 1 fully,1024,8,128,-7,4,0.23438,0.10156,0.09375,1160,0.108282051
2 conv + 1 fully,1024,8,256,-7,5,0.08594,0.10156,0.109375,1288,0.110557692
2 conv + 1 fully,1024,8,512,-7,6,0.15625,0.17188,0.113281,1544,0.108596154
2 conv + 1 fully,1024,8,1024,-7,7,0.13281,0.125,0.078125,2056,0.111147436
2 conv + 1 fully,1024,16,2,-6,-3,0.04688,0.07812,0.136719,1042,0.113198718
2 conv + 1 fully,1024,16,4,-6,-2,0.07031,0.09375,0.132812,1044,0.111634615
2 conv + 1 fully,1024,16,8,-6,-1,0.07812,0.10156,0.136719,1048,0.111455128
2 conv + 1 fully,1024,16,16,-6,0,0.04688,0.07812,0.105469,1056,0.111775641
2 conv + 1 fully,1024,16,32,-6,1,0.14844,0.0625,0.136719,1072,0.11125641
2 conv + 1 fully,1024,16,64,-6,2,0.05469,0.05469,0.136719,1104,0.113128205
2 conv + 1 fully,1024,16,128,-6,3,0.13281,0.04688,0.109375,1168,0.111288462
2 conv + 1 fully,1024,16,256,-6,4,0.07812,0.08594,0.136719,1296,0.113269231
2 conv + 1 fully,1024,16,512,-6,5,0.21094,0.11719,0.0898438,1552,0.11150641
2 conv + 1 fully,1024,16,1024,-6,6,0.26562,0.07812,0.136719,2064,0.11375
2 conv + 1 fully,1024,32,2,-5,-4,0.04688,0.10938,0.0742188,1058,0.125076923
2 conv + 1 fully,1024,32,4,-5,-3,0.09375,0.10938,0.109375,1060,0.123429487
2 conv + 1 fully,1024,32,8,-5,-2,0.1875,0.07031,0.136719,1064,0.123384615
2 conv + 1 fully,1024,32,16,-5,-1,0.125,0.125,0.136719,1072,0.123397436
2 conv + 1 fully,1024,32,32,-5,0,0.0625,0.11719,0.140625,1088,0.123320513
2 conv + 1 fully,1024,32,64,-5,1,0.21094,0.125,0.121094,1120,0.125083333
2 conv + 1 fully,1024,32,128,-5,2,0.17188,0.09375,0.0585938,1184,0.123371795
2 conv + 1 fully,1024,32,256,-5,3,0.24219,0.13281,0.125,1312,0.125705128
2 conv + 1 fully,1024,32,512,-5,4,0.30469,0.07812,0.136719,1568,0.123839744
2 conv + 1 fully,1024,32,1024,-5,5,0.41406,0.75781,0.078125,2080,0.126410256
2 conv + 1 fully,1024,64,2,-4,-5,0.11719,0.125,0.136719,1090,0.144660256
2 conv + 1 fully,1024,64,4,-4,-4,0.09375,0.08594,0.136719,1092,0.142826923
2 conv + 1 fully,1024,64,8,-4,-3,0.07812,0.11719,0.136719,1096,0.142807692
2 conv + 1 fully,1024,64,16,-4,-2,0.07812,0.11719,0.0742188,1104,0.142711538
2 conv + 1 fully,1024,64,32,-4,-1,0.14844,0.10156,0.0859375,1120,0.142871795
2 conv + 1 fully,1024,64,64,-4,0,0.35938,0.10938,0.0585938,1152,0.144807692
2 conv + 1 fully,1024,64,128,-4,1,0.25781,0.07812,0.15625,1216,0.143461538
2 conv + 1 fully,1024,64,256,-4,2,0.28906,0.94531,0.925781,1344,0.14524359
2 conv + 1 fully,1024,64,512,-4,3,0.4375,0.97656,0.976562,1600,0.143615385
2 conv + 1 fully,1024,64,1024,-4,4,0.35156,0.95312,0.960938,2112,0.146525641
2 conv + 1 fully,1024,128,2,-3,-6,0.07812,0.05469,0.0898438,1154,0.194442308
2 conv + 1 fully,1024,128,4,-3,-5,0.09375,0.11719,0.0859375,1156,0.192288462
2 conv + 1 fully,1024,128,8,-3,-4,0.10938,0.14062,0.101562,1160,0.192448718
2 conv + 1 fully,1024,128,16,-3,-3,0.17188,0.09375,0.136719,1168,0.192217949
2 conv + 1 fully,1024,128,32,-3,-2,0.15625,0.0625,0.0585938,1184,0.191807692
2 conv + 1 fully,1024,128,64,-3,-1,0.29688,0.10938,0.136719,1216,0.194621795
2 conv + 1 fully,1024,128,128,-3,0,0.4375,0.09375,0.128906,1280,0.192916667
2 conv + 1 fully,1024,128,256,-3,1,0.34375,0.85156,0.242188,1408,0.196019231
2 conv + 1 fully,1024,128,512,-3,2,0.39844,0.96094,0.972656,1664,0.195108974
2 conv + 1 fully,1024,128,1024,-3,3,0.375,0.97656,0.984375,2176,0.198576923
2 conv + 1 fully,1024,256,2,-2,-7,0.13281,0.14062,0.136719,1282,0.261544872
2 conv + 1 fully,1024,256,4,-2,-6,0.07031,0.10938,0.0742188,1284,0.260666667
2 conv + 1 fully,1024,256,8,-2,-5,0.09375,0.07812,0.136719,1288,0.260833333
2 conv + 1 fully,1024,256,16,-2,-4,0.10156,0.10156,0.09375,1296,0.269884615
2 conv + 1 fully,1024,256,32,-2,-3,0.17969,0.09375,0.0898438,1312,0.265839744
2 conv + 1 fully,1024,256,64,-2,-2,0.25,0.10156,0.117188,1344,0.272730769
2 conv + 1 fully,1024,256,128,-2,-1,0.48438,0.15625,0.113281,1408,0.270032051
2 conv + 1 fully,1024,256,256,-2,0,0.51562,0.25,0.152344,1536,0.265416667
2 conv + 1 fully,1024,256,512,-2,1,0.58594,0.95312,0.960938,1792,0.264570513
2 conv + 1 fully,1024,256,1024,-2,2,0.60156,1,0.992188,2304,0.270173077
2 conv + 1 fully,1024,512,2,-1,-8,0.11719,0.10156,0.0546875,1538,0.558455128
2 conv + 1 fully,1024,512,4,-1,-7,0.04688,0.10938,0.09375,1540,0.556916667
2 conv + 1 fully,1024,512,8,-1,-6,0.125,0.09375,0.0742188,1544,0.556929487
2 conv + 1 fully,1024,512,16,-1,-5,0.0625,0.07812,0.136719,1552,0.58625
2 conv + 1 fully,1024,512,32,-1,-4,0.22656,0.0625,0.109375,1568,0.585564103
2 conv + 1 fully,1024,512,64,-1,-3,0.46875,0.125,0.121094,1600,0.614410256
2 conv + 1 fully,1024,512,128,-1,-2,0.47656,0.16406,0.160156,1664,0.613814103
2 conv + 1 fully,1024,512,256,-1,-1,0.60938,0.23438,0.144531,1792,0.645179487
2 conv + 1 fully,1024,512,512,-1,0,0.63281,0.94531,0.597656,2048,0.647608974
2 conv + 1 fully,1024,512,1024,-1,1,0.72656,0.99219,0.976562,2560,0.636365385
2 conv + 1 fully,1024,1024,2,0,-9,0.10938,0.0625,0.101562,2050,1.138974359
2 conv + 1 fully,1024,1024,4,0,-8,0.07812,0.09375,0.09375,2052,1.138397436
2 conv + 1 fully,1024,1024,8,0,-7,0.11719,0.0625,0.109375,2056,1.1375
2 conv + 1 fully,1024,1024,16,0,-6,0.09375,0.05469,0.136719,2064,1.13775641
2 conv + 1 fully,1024,1024,32,0,-5,0.07812,0.08594,0.09375,2080,1.144679487
2 conv + 1 fully,1024,1024,64,0,-4,0.48438,0.17188,0.0976562,2112,1.146410256
2 conv + 1 fully,1024,1024,128,0,-3,0.59375,0.08594,0.109375,2176,1.145961538
2 conv + 1 fully,1024,1024,256,0,-2,0.58594,0.08594,0.136719,2304,1.149166667
2 conv + 1 fully,1024,1024,512,0,-1,0.48438,0.36719,0.140625,2560,1.156923077
2 conv + 1 fully,1024,1024,1024,0,0,NA,NA,NA,3072,NA
